0.04980954498031784,0.004423710315212302,0.0,0.0,0.0,0.0,0.0,0.0,0.0,1.1630027117297667e-5,0.00011639670536865105,2.2833712381540203e-6,0.0,0.0,0.0,3.061546741008064e-10,7.9275739511638e-10,0.0,0.0,2.7180102817820046e-15,1.6508749523909628e-14,7.553673676799203e-17,2.431866413817891e-21,7.723590135466577e-20,1.166107224161859e-20,2.152197650854533e-26,1.0103996015369241e-25,1.8873186780123803e-33,5.196338226527144e-32,4.721408568657577e-33,9.241670567059847e-39,5.762143773530855e-40,6.154678224571407e-46,1.1925792861167935e-53,1.1262333170622072e-53,0.0,0.0,0.0,0.0,0.0,0.0,0.0,0.0,0.0,0.0,0.0,0.0,0.0,0.0,0.0,0.0,0.0,0.0,0.0,0.0,0.0,0.0,0.0,0.0,0.0,0.0,0.0,0.0,0.0,0.0,0.0,0.0,0.0,0.0,0.0,0.0,0.0,0.0,0.0,0.0,0.0,0.0,0.0,0.0,0.0,0.0,0.0,0.0,0.0,0.0,0.0,0.0,0.0,0.0,0.0,0.0,0.0,0.0,0.0,0.0,0.0,0.0,0.0,0.0,0.0,0.0,0.0,0.0,0.0,0.0,0.0,0.0,0.0,0.0,0.0,0.0
0.002664024806060375,0.052669644104590664,0.004616910850240966,0.0,0.0,0.0,0.0,0.0,0.0,0.0,2.6032312182406598e-5,0.0001665273262863754,3.271815515248426e-6,0.0,0.0,0.0,6.05089510430897e-10,1.65487141781962e-9,0.0,0.0,7.763964924047659e-15,5.118127996393794e-14,4.163149283338637e-16,9.934828820854678e-21,3.6880808781035185e-19,6.460058299715019e-20,1.5472676306125793e-25,8.184986452210424e-25,2.171977740171797e-32,7.020793605286967e-31,8.869742544997873e-32,2.244216666752622e-37,2.3095917237813275e-38,2.848298783869434e-44,9.384031451119745e-52,1.0772676228129775e-51,0.0,0.0,0.0,0.0,0.0,0.0,0.0,0.0,0.0,0.0,0.0,0.0,0.0,0.0,0.0,0.0,0.0,0.0,0.0,0.0,0.0,0.0,0.0,0.0,0.0,0.0,0.0,0.0,0.0,0.0,0.0,0.0,0.0,0.0,0.0,0.0,0.0,0.0,0.0,0.0,0.0,0.0,0.0,0.0,0.0,0.0,0.0,0.0,0.0,0.0,0.0,0.0,0.0,0.0,0.0,0.0,0.0,0.0,0.0,0.0,0.0,0.0,0.0,0.0,0.0,0.0,0.0,0.0,0.0,0.0,0.0,0.0,0.0,0.0,0.0
0.0,0.002785595419461711,0.0548498057516902,0.0048159456988014085,0.0,0.0,0.0,0.0,0.0,0.0,0.0,3.094936269506409e-5,0.0002063433914243818,4.597306950065712e-6,0.0,0.0,0.0,1.1623956245003642e-9,3.375713240106459e-9,0.0,0.0,2.111616640958712e-14,1.5291674592746691e-13,2.2471255887035677e-15,3.7281151196846775e-20,1.659414787677164e-18,3.3537383623356095e-19,1.025384523857531e-24,6.1517074498823376e-24,2.22923012424317e-31,8.589425947492511e-30,1.4266265702813868e-30,4.8090067635737346e-36,7.241418647163954e-37,1.1524616850000599e-42,6.267618665307297e-50,8.741230759137918e-50,0.0,0.0,0.0,0.0,0.0,0.0,0.0,0.0,0.0,0.0,0.0,0.0,0.0,0.0,0.0,0.0,0.0,0.0,0.0,0.0,0.0,0.0,0.0,0.0,0.0,0.0,0.0,0.0,0.0,0.0,0.0,0.0,0.0,0.0,0.0,0.0,0.0,0.0,0.0,0.0,0.0,0.0,0.0,0.0,0.0,0.0,0.0,0.0,0.0,0.0,0.0,0.0,0.0,0.0,0.0,0.0,0.0,0.0,0.0,0.0,0.0,0.0,0.0,0.0,0.0,0.0,0.0,0.0,0.0,0.0,0.0,0.0,0.0,0.0
0.0,0.0,0.002911276139772541,0.0570857570743633,0.005021021566572151,0.0,0.0,0.0,0.0,0.0,0.0,0.0,3.648786903978562e-5,0.00025418767325091304,6.354144652014402e-6,0.0,0.0,0.0,2.1711311481081334e-9,6.7043113049278565e-9,0.0,0.0,5.500313377539932e-14,4.387732013368201e-13,9.451685243744904e-15,1.282647321156188e-19,7.062364664074409e-18,1.6367182811402258e-18,6.263956865437983e-24,4.3210125926468306e-23,2.0239568442280653e-30,9.561133721154922e-29,2.018841586115889e-29,9.155564981708367e-35,1.8890146224056183e-35,4.096823487453256e-41,3.5679480159073176e-48,6.056502036392764e-48,0.0,0.0,0.0,0.0,0.0,0.0,0.0,0.0,0.0,0.0,0.0,0.0,0.0,0.0,0.0,0.0,0.0,0.0,0.0,0.0,0.0,0.0,0.0,0.0,0.0,0.0,0.0,0.0,0.0,0.0,0.0,0.0,0.0,0.0,0.0,0.0,0.0,0.0,0.0,0.0,0.0,0.0,0.0,0.0,0.0,0.0,0.0,0.0,0.0,0.0,0.0,0.0,0.0,0.0,0.0,0.0,0.0,0.0,0.0,0.0,0.0,0.0,0.0,0.0,0.0,0.0,0.0,0.0,0.0,0.0,0.0,0.0,0.0
0.0,0.0,0.0,0.0030412370264396855,0.059378742154488136,0.005232335022049149,0.0,0.0,0.0,0.0,0.0,0.0,0.0,4.264506898697728e-5,0.0003115978882887035,8.658168919266537e-6,0.0,0.0,0.0,3.939592750305347e-9,1.2983468795172372e-8,0.0,0.0,1.363253532927841e-13,1.2107026017450857e-12,3.726600606275066e-14,3.9635515046492953e-19,2.843940829049739e-17,7.588050563676739e-18,3.538203142626537e-23,2.827799367003618e-22,1.824896322091305e-24,9.7132679137954e-28,2.55354766768648e-28,1.556164864956467e-33,4.226254943590813e-34,1.2852847308688142e-39,1.0560742235635264e-41,3.6043913153264414e-46,0.0,0.0,0.0,0.0,0.0,0.0,0.0,0.0,0.0,0.0,0.0,0.0,0.0,0.0,0.0,0.0,0.0,0.0,0.0,0.0,0.0,0.0,0.0,0.0,0.0,0.0,0.0,0.0,0.0,0.0,0.0,0.0,0.0,0.0,0.0,0.0,0.0,0.0,0.0,0.0,0.0,0.0,0.0,0.0,0.0,0.0,0.0,0.0,0.0,0.0,0.0,0.0,0.0,0.0,0.0,0.0,0.0,0.0,0.0,0.0,0.0,0.0,0.0,0.0,0.0,0.0,0.0,0.0,0.0,0.0,0.0,0.0
0.0,0.0,0.0,0.0,0.0031756451592911974,0.061729794499460026,0.005450070049461499,0.0,0.0,0.0,0.0,0.0,0.0,0.0,4.9390109188644827e-5,0.0003801533186277701,1.1728632106374493e-5,0.0,0.0,0.0,6.954254591467485e-9,2.4633729803008744e-8,0.0,0.0,3.2350903754377706e-13,3.216518672454075e-12,1.3150916861011448e-13,1.1087547662630603e-18,1.0851514833606501e-16,3.311864285260081e-17,1.845237580850918e-22,1.7314795916065823e-21,3.136735087539933e-23,9.030444165736539e-27,2.9177161059449023e-27,2.3710791412900704e-32,8.257972909026672e-33,3.573497609376139e-38,1.4352153817582895e-39,1.8525339923968415e-44,0.0,0.0,0.0,0.0,0.0,0.0,0.0,0.0,0.0,0.0,0.0,0.0,0.0,0.0,0.0,0.0,0.0,0.0,0.0,0.0,0.0,0.0,0.0,0.0,0.0,0.0,0.0,0.0,0.0,0.0,0.0,0.0,0.0,0.0,0.0,0.0,0.0,0.0,0.0,0.0,0.0,0.0,0.0,0.0,0.0,0.0,0.0,0.0,0.0,0.0,0.0,0.0,0.0,0.0,0.0,0.0,0.0,0.0,0.0,0.0,0.0,0.0,0.0,0.0,0.0,0.0,0.0,0.0,0.0,0.0,0.0
0.0,0.0,0.0,0.0,0.0,0.0033146632045555754,0.06413970880514896,0.005674396074259387,0.0,0.0,0.0,0.0,0.0,0.0,0.0,5.697514996684906e-5,0.0004616301935485347,1.6103170681507744e-5,0.0,0.0,0.0,1.1966012569958928e-8,4.560481382432859e-8,0.0,0.0,7.30602377183435e-13,8.23382015995865e-12,4.4165223135064887e-13,2.580077233213592e-18,3.934606831043534e-16,1.3768338947044246e-16,8.875712886567027e-22,9.935391796614131e-21,3.449618206977669e-22,7.69924781265014e-26,3.043054011262543e-26,3.249821957994309e-31,1.4267078643838838e-31,8.720404943035602e-37,7.737803734452055e-38,8.265129825213824e-43,0.0,0.0,0.0,0.0,0.0,0.0,0.0,0.0,0.0,0.0,0.0,0.0,0.0,0.0,0.0,0.0,0.0,0.0,0.0,0.0,0.0,0.0,0.0,0.0,0.0,0.0,0.0,0.0,0.0,0.0,0.0,0.0,0.0,0.0,0.0,0.0,0.0,0.0,0.0,0.0,0.0,0.0,0.0,0.0,0.0,0.0,0.0,0.0,0.0,0.0,0.0,0.0,0.0,0.0,0.0,0.0,0.0,0.0,0.0,0.0,0.0,0.0,0.0,0.0,0.0,0.0,0.0,0.0,0.0,0.0
0.0,0.0,0.0,0.0,0.0,0.0,0.0034584482476551315,0.06660901850438473,0.005905466437760149,0.0,0.0,0.0,0.0,0.0,0.0,0.0,6.517321712277285e-5,0.0005578472321429277,2.1770989579086043e-5,0.0,0.0,0.0,2.0015095805607165e-8,8.262488325798981e-8,1.0493252478361615e-10,0.0,1.5768482485815808e-12,2.0340394762450956e-11,1.3666556549436717e-12,5.097448090274118e-18,1.3529720418757519e-15,5.449083468807765e-16,3.936623304880388e-21,5.3194237086785166e-20,3.057402724534234e-21,6.030258129755203e-25,2.896317182493288e-25,4.0182750296480164e-30,2.1993530367755137e-30,1.8542315576923042e-35,2.8219583606199513e-36,3.2325113085297466e-41,0.0,0.0,0.0,0.0,0.0,0.0,0.0,0.0,0.0,0.0,0.0,0.0,0.0,0.0,0.0,0.0,0.0,0.0,0.0,0.0,0.0,0.0,0.0,0.0,0.0,0.0,0.0,0.0,0.0,0.0,0.0,0.0,0.0,0.0,0.0,0.0,0.0,0.0,0.0,0.0,0.0,0.0,0.0,0.0,0.0,0.0,0.0,0.0,0.0,0.0,0.0,0.0,0.0,0.0,0.0,0.0,0.0,0.0,0.0,0.0,0.0,0.0,0.0,0.0,0.0,0.0,0.0,0.0,0.0
0.0,0.0,0.0,0.0,0.0,0.0,0.0,0.003607150880556812,0.0691379787392126,0.006143417283804957,0.0,0.0,0.0,0.0,0.0,0.0,0.0,7.382202159151483e-5,0.0006699674156483929,2.9043153144554868e-5,0.0,0.0,0.0,3.26163982070757e-8,1.468509977769781e-7,5.893373113322025e-10,0.0,3.228289944262359e-12,4.853472893361091e-11,4.099021406190641e-12,6.8482134869443395e-18,4.429858877217582e-15,2.0510362516254224e-15,1.607706933177802e-20,2.661266366897608e-19,2.295139223724394e-20,4.348486483583658e-24,2.5302235374490698e-24,4.4922179790755e-29,3.046998503263706e-29,3.4697075069124366e-34,8.061115329202487e-35,1.107042752303255e-39,0.0,0.0,0.0,0.0,0.0,0.0,0.0,0.0,0.0,0.0,0.0,0.0,0.0,0.0,0.0,0.0,0.0,0.0,0.0,0.0,0.0,0.0,0.0,0.0,0.0,0.0,0.0,0.0,0.0,0.0,0.0,0.0,0.0,0.0,0.0,0.0,0.0,0.0,0.0,0.0,0.0,0.0,0.0,0.0,0.0,0.0,0.0,0.0,0.0,0.0,0.0,0.0,0.0,0.0,0.0,0.0,0.0,0.0,0.0,0.0,0.0,0.0,0.0,0.0,0.0,0.0,0.0,0.0
0.0,0.0,0.0,0.0,0.0,0.0,0.0,0.0,0.0037609145228923,0.07172655425819766,0.00638836681024734,0.0,0.0,0.0,0.0,0.0,0.0,0.0,8.273764324747177e-5,0.0008010691200463766,3.829046248900808e-5,0.0,0.0,0.0,5.1817083008215614e-8,2.5491235963650866e-7,1.7848517887424077e-9,0.0,6.303370231296585e-12,1.1189403521840111e-10,1.1534049109303175e-11,0.0,1.3823929006049586e-14,7.366158093819278e-15,6.00399595513597e-20,1.2484643096873797e-18,1.5081913594458615e-19,2.8923287409951546e-23,2.038391646938494e-23,4.549821786956132e-28,3.823541124649951e-28,5.750512729261279e-33,1.9292033840544504e-33,3.3135675418798483e-38,0.0,0.0,0.0,0.0,0.0,0.0,0.0,0.0,0.0,0.0,0.0,0.0,0.0,0.0,0.0,0.0,0.0,0.0,0.0,0.0,0.0,0.0,0.0,0.0,0.0,0.0,0.0,0.0,0.0,0.0,0.0,0.0,0.0,0.0,0.0,0.0,0.0,0.0,0.0,0.0,0.0,0.0,0.0,0.0,0.0,0.0,0.0,0.0,0.0,0.0,0.0,0.0,0.0,0.0,0.0,0.0,0.0,0.0,0.0,0.0,0.0,0.0,0.0,0.0,0.0,0.0,0.0
0.0,0.0,0.0,0.0,0.0,0.0,0.0,0.0,0.0,0.003919874949578667,0.07437441164817625,0.00664041483163499,0.0,0.0,0.0,0.0,0.0,0.0,0.0,9.166161348207074e-5,0.0009536880088677308,5.1016218830592984e-5,0.0,0.0,0.0,7.99419187362266e-8,4.351843406824994e-7,5.421731116492432e-9,0.0,1.1529076398863335e-11,2.499245089065123e-10,3.124489853140192e-11,0.0,4.111984296046853e-14,2.5388490841499656e-14,2.0333509648255983e-19,5.502760224216768e-18,8.92231635645771e-19,1.7764413757461167e-22,1.5241301654749376e-22,4.178219891844833e-27,4.380616296373288e-27,8.478296155603592e-32,3.904241712686065e-32,8.833583412574842e-37,0.0,0.0,0.0,0.0,0.0,0.0,0.0,0.0,0.0,0.0,0.0,0.0,0.0,0.0,0.0,0.0,0.0,0.0,0.0,0.0,0.0,0.0,0.0,0.0,0.0,0.0,0.0,0.0,0.0,0.0,0.0,0.0,0.0,0.0,0.0,0.0,0.0,0.0,0.0,0.0,0.0,0.0,0.0,0.0,0.0,0.0,0.0,0.0,0.0,0.0,0.0,0.0,0.0,0.0,0.0,0.0,0.0,0.0,0.0,0.0,0.0,0.0,0.0,0.0,0.0,0.0
0.0,0.0,0.0,0.0,0.0,0.0,0.0,0.0,0.0,0.0,0.004084159993256516,0.0770809152603452,0.006899642596300917,0.0,0.0,0.0,0.0,0.0,0.0,0.0,0.00010120651663637656,0.0011305868273145748,6.72821395779586e-5,0.0,0.0,0.0,1.2055277844161246e-7,7.271930570019653e-7,1.2935113656484681e-8,0.0,2.0088074850565004e-11,5.393473898338847e-10,8.133756575442096e-11,0.0,1.164891455557102e-13,8.383907159431242e-14,6.157284080842583e-19,2.2822603837771185e-17,4.8296925455409204e-18,1.0066759742195943e-21,1.0595742351433876e-21,3.472728699264077e-26,4.5774188245964425e-26,1.1173391277741549e-30,6.9206621263541875e-31,2.0809721036273567e-35,5.300338042328949e-37,0.0,0.0,0.0,0.0,0.0,0.0,0.0,0.0,0.0,0.0,0.0,0.0,0.0,0.0,0.0,0.0,0.0,0.0,0.0,0.0,0.0,0.0,0.0,0.0,0.0,0.0,0.0,0.0,0.0,0.0,0.0,0.0,0.0,0.0,0.0,0.0,0.0,0.0,0.0,0.0,0.0,0.0,0.0,0.0,0.0,0.0,0.0,0.0,0.0,0.0,0.0,0.0,0.0,0.0,0.0,0.0,0.0,0.0,0.0,0.0,0.0,0.0,0.0,0.0
0.0,0.0,0.0,0.0,0.0,0.0,0.0,0.0,0.0,0.0,0.0,0.004253889387382928,0.07984512617988918,0.007166112800956014,0.0,0.0,0.0,0.0,0.0,0.0,0.0,0.00011053563848666114,0.0013320976649751157,8.769194781296628e-5,0.0,0.0,0.0,1.76359911021254e-7,1.1917687347810834e-6,3.097766470827135e-8,0.0,3.225665979290567e-11,1.1287730670578365e-9,2.0293342366304074e-10,0.0,3.1467667883509223e-13,2.656550597798487e-13,1.6255615645054928e-18,8.917424412691381e-17,2.4176330242184976e-17,5.2546388067046734e-21,6.865524601179366e-21,2.6115736508633405e-25,4.381975273954344e-25,1.3158041651030138e-29,1.0838516142373073e-29,4.318716196271785e-34,3.891085113606756e-35,0.0,0.0,0.0,0.0,0.0,0.0,0.0,0.0,0.0,0.0,0.0,0.0,0.0,0.0,0.0,0.0,0.0,0.0,0.0,0.0,0.0,0.0,0.0,0.0,0.0,0.0,0.0,0.0,0.0,0.0,0.0,0.0,0.0,0.0,0.0,0.0,0.0,0.0,0.0,0.0,0.0,0.0,0.0,0.0,0.0,0.0,0.0,0.0,0.0,0.0,0.0,0.0,0.0,0.0,0.0,0.0,0.0,0.0,0.0,0.0,0.0,0.0,0.0
0.0,0.0,0.0,0.0,0.0,0.0,0.0,0.0,0.0,0.0,0.0,0.0,0.00442917471511227,0.08266580361201879,0.007439869748434943,0.0,0.0,0.0,0.0,0.0,0.0,0.0,0.00011905782351665704,0.0015624652373124126,0.000113664067526722,0.0,0.0,0.0,2.513958786424459e-7,1.914997099177651e-6,6.567666036069598e-8,0.0,4.727241080410911e-11,2.2914957504759052e-9,4.893851867382905e-10,0.0,8.098972651575874e-13,8.092437902524294e-13,3.559728716533943e-18,3.285025896758782e-16,1.1276538026929103e-16,2.5200448298645808e-20,4.1574692202775814e-20,1.768260658146794e-24,3.8837388381305366e-24,1.3878301547657847e-28,1.5205240545796774e-28,7.677088366787944e-33,1.4323282653926337e-33,0.0,0.0,0.0,0.0,0.0,0.0,0.0,0.0,0.0,0.0,0.0,0.0,0.0,0.0,0.0,0.0,0.0,0.0,0.0,0.0,0.0,0.0,0.0,0.0,0.0,0.0,0.0,0.0,0.0,0.0,0.0,0.0,0.0,0.0,0.0,0.0,0.0,0.0,0.0,0.0,0.0,0.0,0.0,0.0,0.0,0.0,0.0,0.0,0.0,0.0,0.0,0.0,0.0,0.0,0.0,0.0,0.0,0.0,0.0,0.0,0.0,0.0
0.0,0.0,0.0,0.0,0.0,0.0,0.0,0.0,0.0,0.0,0.0,0.0,0.0,0.0046101194300408625,0.0855414081099514,0.0077209395989713625,0.0,0.0,0.0,0.0,0.0,0.0,0.0,0.00012618885995811365,0.0018252758274816929,0.0001478425423026175,0.0,0.0,0.0,3.475494828193273e-7,3.019906321771651e-6,1.3752082406132222e-7,0.0,6.281610446402288e-11,4.501413471041044e-9,1.145121231969517e-9,0.0,1.9827136249785727e-12,2.3738513809991306e-12,5.748280676473659e-18,1.1412635686466206e-15,4.934276160688386e-16,1.1043368283419607e-19,2.3478763696954484e-19,1.0575635783601048e-23,3.1298276445498094e-23,1.3057986558015284e-27,1.9164781032641957e-27,1.1880570180837653e-31,3.763676953132022e-32,0.0,0.0,0.0,0.0,0.0,0.0,0.0,0.0,0.0,0.0,0.0,0.0,0.0,0.0,0.0,0.0,0.0,0.0,0.0,0.0,0.0,0.0,0.0,0.0,0.0,0.0,0.0,0.0,0.0,0.0,0.0,0.0,0.0,0.0,0.0,0.0,0.0,0.0,0.0,0.0,0.0,0.0,0.0,0.0,0.0,0.0,0.0,0.0,0.0,0.0,0.0,0.0,0.0,0.0,0.0,0.0,0.0,0.0,0.0,0.0,0.0
0.0,0.0,0.0,0.0,0.0,0.0,0.0,0.0,0.0,0.0,0.0,0.0,0.0,0.0,0.004796818917143956,0.08847010614552912,0.008009330671803523,0.0,0.0,0.0,0.0,0.0,0.0,0.0,0.00013310819924342853,0.0021226093638608843,0.00019012822086867556,0.0,0.0,0.0,4.665620925345857e-7,4.6727886602116705e-6,2.696576646650133e-7,0.0,6.926680597984466e-11,8.578584546292917e-9,2.591776446739287e-9,0.0,4.603347330945465e-12,6.689382106259808e-12,4.545995662599534e-18,3.74180066176614e-15,2.039850852424543e-15,4.36885463776999e-19,1.2348473258579326e-18,5.653808847818304e-23,2.3292792485733226e-22,1.0913736764802317e-26,2.198325460828908e-26,1.6165517884208064e-30,7.94601133983879e-31,0.0,0.0,0.0,0.0,0.0,0.0,0.0,0.0,0.0,0.0,0.0,0.0,0.0,0.0,0.0,0.0,0.0,0.0,0.0,0.0,0.0,0.0,0.0,0.0,0.0,0.0,0.0,0.0,0.0,0.0,0.0,0.0,0.0,0.0,0.0,0.0,0.0,0.0,0.0,0.0,0.0,0.0,0.0,0.0,0.0,0.0,0.0,0.0,0.0,0.0,0.0,0.0,0.0,0.0,0.0,0.0,0.0,0.0,0.0,0.0
0.0,0.0,0.0,0.0,0.0,0.0,0.0,0.0,0.0,0.0,0.0,0.0,0.0,0.0,0.0,0.004989360565602518,0.09144977561377476,0.008305033761376574,0.0,0.0,0.0,0.0,0.0,0.0,0.0,0.00013844372628664777,0.002453390238448574,0.00024256442577199803,0.0,0.0,0.0,6.047946507462245e-7,7.1052447871365766e-6,5.141385025780679e-7,0.0,5.217751841725994e-11,1.5857868994670598e-8,5.689921621152764e-9,0.0,1.0085931696331627e-11,1.803161577135616e-11,0.0,1.1565821439342847e-14,7.964968437355065e-15,1.590467693809354e-18,6.047592406445462e-18,2.7426001206911683e-22,1.5947402452311434e-21,4.738844142251659e-24,2.287424968215632e-25,1.9410024428042424e-29,1.418049319828503e-29,0.0,0.0,0.0,0.0,0.0,0.0,0.0,0.0,0.0,0.0,0.0,0.0,0.0,0.0,0.0,0.0,0.0,0.0,0.0,0.0,0.0,0.0,0.0,0.0,0.0,0.0,0.0,0.0,0.0,0.0,0.0,0.0,0.0,0.0,0.0,0.0,0.0,0.0,0.0,0.0,0.0,0.0,0.0,0.0,0.0,0.0,0.0,0.0,0.0,0.0,0.0,0.0,0.0,0.0,0.0,0.0,0.0,0.0,0.0
0.0,0.0,0.0,0.0,0.0,0.0,0.0,0.0,0.0,0.0,0.0,0.0,0.0,0.0,0.0,0.0,0.0051878238292912,0.0944780119612936,0.008608022440383934,0.0,0.0,0.0,0.0,0.0,0.0,0.0,0.00014082445792570336,0.002824677470920112,0.0003106715714839581,0.0,0.0,0.0,7.587408315524465e-7,1.0597962180333916e-5,9.490201937017869e-7,0.0,1.550982432157371e-11,2.8479695822186112e-8,1.2142343865030075e-8,0.0,2.0861997116012064e-11,4.662237031883889e-11,0.0,3.366901003906452e-14,2.947198078561552e-14,5.337178779161574e-18,2.791807640902287e-17,1.5428408009573881e-19,1.0136880123637652e-20,3.137985472608956e-22,2.144252902993551e-24,2.0547336981487604e-28,2.198577837927043e-28,0.0,0.0,0.0,0.0,0.0,0.0,0.0,0.0,0.0,0.0,0.0,0.0,0.0,0.0,0.0,0.0,0.0,0.0,0.0,0.0,0.0,0.0,0.0,0.0,0.0,0.0,0.0,0.0,0.0,0.0,0.0,0.0,0.0,0.0,0.0,0.0,0.0,0.0,0.0,0.0,0.0,0.0,0.0,0.0,0.0,0.0,0.0,0.0,0.0,0.0,0.0,0.0,0.0,0.0,0.0,0.0,0.0,0.0
0.0,0.0,0.0,0.0,0.0,0.0,0.0,0.0,0.0,0.0,0.0,0.0,0.0,0.0,0.0,0.0,0.0,0.005392280255184227,0.097552134727745,0.008918253329737056,0.0,0.0,0.0,0.0,0.0,0.0,0.0,0.00014051005472513867,0.0032387518719547673,0.0003937292869260547,0.0,0.0,0.0,9.06319878340024e-7,1.555014712526951e-5,1.6907691467016241e-6,0.0,0.0,4.9650381381328625e-8,2.5229799765579103e-8,0.0,4.1148253172257947e-11,1.158935809741466e-10,0.0,9.210066394908998e-14,1.0400321883752815e-13,1.638283358562562e-17,1.2071793160996386e-16,3.685555112517623e-18,5.854409327573521e-20,4.980813198212207e-21,1.8310937088802362e-23,1.5625800082211434e-25,3.0121786298764474e-27,0.0,0.0,0.0,0.0,0.0,0.0,0.0,0.0,0.0,0.0,0.0,0.0,0.0,0.0,0.0,0.0,0.0,0.0,0.0,0.0,0.0,0.0,0.0,0.0,0.0,0.0,0.0,0.0,0.0,0.0,0.0,0.0,0.0,0.0,0.0,0.0,0.0,0.0,0.0,0.0,0.0,0.0,0.0,0.0,0.0,0.0,0.0,0.0,0.0,0.0,0.0,0.0,0.0,0.0,0.0,0.0,0.0
0.0,0.0,0.0,0.0,0.0,0.0,0.0,0.0,0.0,0.0,0.0,0.0,0.0,0.0,0.0,0.0,0.0,0.0,0.005602793464469809,0.10066919438315071,0.009235666322827235,0.0,0.0,0.0,0.0,0.0,0.0,0.0,0.0001391590259914071,0.00368883157189033,0.0004969680693127906,0.0,0.0,0.0,1.045694692066932e-6,2.2393509938181552e-5,2.9592977408138594e-6,0.0,0.0,8.385582225147644e-8,5.11130562816149e-8,0.0,7.720778689113681e-11,2.7768556433610654e-10,1.6983096060463093e-13,2.3486351565327144e-13,3.494661255152099e-13,4.543759371257204e-17,4.838847276688585e-16,3.589158734635711e-17,3.06904187226454e-19,5.010823357517809e-20,1.4208923881821714e-22,8.088973187301824e-24,3.6914291532357005e-26,0.0,0.0,0.0,0.0,0.0,0.0,0.0,0.0,0.0,0.0,0.0,0.0,0.0,0.0,0.0,0.0,0.0,0.0,0.0,0.0,0.0,0.0,0.0,0.0,0.0,0.0,0.0,0.0,0.0,0.0,0.0,0.0,0.0,0.0,0.0,0.0,0.0,0.0,0.0,0.0,0.0,0.0,0.0,0.0,0.0,0.0,0.0,0.0,0.0,0.0,0.0,0.0,0.0,0.0,0.0,0.0
0.0,0.0,0.0,0.0,0.0,0.0,0.0,0.0,0.0,0.0,0.0,0.0,0.0,0.0,0.0,0.0,0.0,0.0,0.0,0.0058194190754536764,0.1038259794261952,0.009560184757709724,0.0,0.0,0.0,0.0,0.0,0.0,0.0,0.0001329426051342424,0.004185429081453151,0.0006263169513466594,0.0,0.0,0.0,1.126867231296021e-6,3.1686790138069456e-5,5.0478656151455794e-6,0.0,0.0,1.372015383674504e-7,1.0107731153930689e-7,0.0,1.3725127501362887e-10,6.428822753292573e-10,7.54309917070171e-12,5.501896107987599e-13,1.1048613781056132e-12,1.1138222826803354e-16,1.7968184493023552e-15,2.4676427658448985e-16,1.4707518635907794e-18,3.984418001153679e-19,9.73489192299352e-22,1.3679826078773007e-22,4.0275236014906974e-25,0.0,0.0,0.0,0.0,0.0,0.0,0.0,0.0,0.0,0.0,0.0,0.0,0.0,0.0,0.0,0.0,0.0,0.0,0.0,0.0,0.0,0.0,0.0,0.0,0.0,0.0,0.0,0.0,0.0,0.0,0.0,0.0,0.0,0.0,0.0,0.0,0.0,0.0,0.0,0.0,0.0,0.0,0.0,0.0,0.0,0.0,0.0,0.0,0.0,0.0,0.0,0.0,0.0,0.0,0.0
0.0,0.0,0.0,0.0,0.0,0.0,0.0,0.0,0.0,0.0,0.0,0.0,0.0,0.0,0.0,0.0,0.0,0.0,0.0,0.0,0.006042204561127823,0.10701902377607658,0.009891715535875466,0.0,0.0,0.0,0.0,0.0,0.0,0.0,0.00012272286203625124,0.004724913185145847,0.000781816206332225,0.0,0.0,0.0,1.1244709203603127e-6,4.408342227844269e-5,8.406268626703383e-6,0.0,0.0,2.1701851886924355e-7,1.9530330335130122e-7,0.0,2.2970884519971493e-10,1.4294956591536918e-9,4.569537371560745e-11,1.1961171496524896e-12,3.3051332222337557e-12,2.3272995689482496e-16,6.204086709866166e-15,1.3834723893451651e-15,6.452362155088486e-18,2.705334642068936e-18,5.950600404800381e-21,1.584455592923531e-21,3.911506307262926e-24,5.181520478388948e-26,0.0,0.0,0.0,0.0,0.0,0.0,0.0,0.0,0.0,0.0,0.0,0.0,0.0,0.0,0.0,0.0,0.0,0.0,0.0,0.0,0.0,0.0,0.0,0.0,0.0,0.0,0.0,0.0,0.0,0.0,0.0,0.0,0.0,0.0,0.0,0.0,0.0,0.0,0.0,0.0,0.0,0.0,0.0,0.0,0.0,0.0,0.0,0.0,0.0,0.0,0.0,0.0,0.0
0.0,0.0,0.0,0.0,0.0,0.0,0.0,0.0,0.0,0.0,0.0,0.0,0.0,0.0,0.0,0.0,0.0,0.0,0.0,0.0,0.0,0.006271189037416577,0.110244614540759,0.010230804532341391,0.0,0.0,0.0,0.0,0.0,0.0,0.0,0.00011182035052291874,0.005301270424893369,0.00097817219373345,0.0,0.0,0.0,1.0290017915713939e-6,6.021143841253028e-5,1.3710589672524132e-5,0.0,0.0,3.307727062876177e-7,3.6904762918473187e-7,0.0,3.582153140797468e-10,3.0405562686666426e-9,1.8794708978211995e-10,2.4313359118345805e-12,9.401097930218758e-12,4.063951933735071e-14,1.993899933159996e-14,6.768407349939668e-15,2.584705927659359e-17,1.628555741206447e-17,3.261206394199363e-20,1.4521988096554133e-20,3.3594429375558085e-23,3.03779535406688e-24,0.0,0.0,0.0,0.0,0.0,0.0,0.0,0.0,0.0,0.0,0.0,0.0,0.0,0.0,0.0,0.0,0.0,0.0,0.0,0.0,0.0,0.0,0.0,0.0,0.0,0.0,0.0,0.0,0.0,0.0,0.0,0.0,0.0,0.0,0.0,0.0,0.0,0.0,0.0,0.0,0.0,0.0,0.0,0.0,0.0,0.0,0.0,0.0,0.0,0.0,0.0,0.0
0.0,0.0,0.0,0.0,0.0,0.0,0.0,0.0,0.0,0.0,0.0,0.0,0.0,0.0,0.0,0.0,0.0,0.0,0.0,0.0,0.0,0.0,0.006506402980508068,0.11349880027715611,0.010588399561204838,0.0,0.0,0.0,0.0,0.0,0.0,0.0,9.427458483113485e-5,0.005925166568270594,0.001213036412446076,0.0,0.0,0.0,7.895634200756512e-7,8.0671602101893e-5,2.201095580736736e-5,0.0,0.0,4.830344188966212e-7,6.744223569745403e-7,0.0,5.128928130666058e-10,6.203107555647758e-9,6.409820235209929e-10,4.585882261515696e-12,2.543557644826838e-11,6.81760654158579e-13,5.948151945207437e-14,2.985799205951555e-14,9.413954933598401e-17,8.917701923589479e-17,1.6025048498768603e-19,1.14004934058834e-19,2.4651831463429115e-22,5.488190838122839e-23,0.0,0.0,0.0,0.0,0.0,0.0,0.0,0.0,0.0,0.0,0.0,0.0,0.0,0.0,0.0,0.0,0.0,0.0,0.0,0.0,0.0,0.0,0.0,0.0,0.0,0.0,0.0,0.0,0.0,0.0,0.0,0.0,0.0,0.0,0.0,0.0,0.0,0.0,0.0,0.0,0.0,0.0,0.0,0.0,0.0,0.0,0.0,0.0,0.0,0.0,0.0
0.0,0.0,0.0,0.0,0.0,0.0,0.0,0.0,0.0,0.0,0.0,0.0,0.0,0.0,0.0,0.0,0.0,0.0,0.0,0.0,0.0,0.0,0.0,0.006747867873300189,0.1167773998747687,0.010953844354987474,0.0,0.0,0.0,0.0,0.0,0.0,0.0,7.654877005261243e-5,0.006571995283276689,0.0015031016034301476,0.0,0.0,0.0,4.171157874267045e-7,0.00010610113101448391,3.4707335544956246e-5,0.0,0.0,6.70956963691863e-7,1.19307710583569e-6,0.0,6.593543535903459e-10,1.2114240956081832e-8,1.907189101675528e-9,7.8879366625018e-12,6.468277561538574e-11,4.31295411528642e-12,1.6403021285585688e-13,1.2102328379676208e-13,3.0720029732416294e-16,4.479388125018395e-16,6.988492196422329e-19,7.9077436482121705e-19,1.5786140849793332e-21,6.723682532853473e-22,0.0,0.0,0.0,0.0,0.0,0.0,0.0,0.0,0.0,0.0,0.0,0.0,0.0,0.0,0.0,0.0,0.0,0.0,0.0,0.0,0.0,0.0,0.0,0.0,0.0,0.0,0.0,0.0,0.0,0.0,0.0,0.0,0.0,0.0,0.0,0.0,0.0,0.0,0.0,0.0,0.0,0.0,0.0,0.0,0.0,0.0,0.0,0.0,0.0,0.0
0.0,0.0,0.0,0.0,0.0,0.0,0.0,0.0,0.0,0.0,0.0,0.0,0.0,0.0,0.0,0.0,0.0,0.0,0.0,0.0,0.0,0.0,0.0,0.0,0.0069955957819310835,0.12007601219571314,0.01132704636947903,0.0,0.0,0.0,0.0,0.0,0.0,0.0,5.656109946253842e-5,0.007257955470843264,0.0018504795942915163,0.0,0.0,0.0,7.61770117043716e-8,0.0001371902236829508,5.3801334657064784e-5,0.0,0.0,8.99604521734519e-7,2.050617602530945e-6,0.0,7.114514056659344e-10,2.2693213448524706e-8,5.204390079028416e-9,1.2089327871835392e-11,1.5471170801674783e-10,1.9419186460643627e-11,4.157178474624925e-13,4.562087238788035e-13,8.700677426795851e-16,2.051458258581343e-15,2.6559761732384117e-18,4.9713376270210595e-18,8.847866734726394e-21,6.5949271635178764e-21,0.0,0.0,0.0,0.0,0.0,0.0,0.0,0.0,0.0,0.0,0.0,0.0,0.0,0.0,0.0,0.0,0.0,0.0,0.0,0.0,0.0,0.0,0.0,0.0,0.0,0.0,0.0,0.0,0.0,0.0,0.0,0.0,0.0,0.0,0.0,0.0,0.0,0.0,0.0,0.0,0.0,0.0,0.0,0.0,0.0,0.0,0.0,0.0,0.0
0.0,0.0,0.0,0.0,0.0,0.0,0.0,0.0,0.0,0.0,0.0,0.0,0.0,0.0,0.0,0.0,0.0,0.0,0.0,0.0,0.0,0.0,0.0,0.0,0.0,0.0072495888637076214,0.1233900265936001,0.01170789703000863,0.0,0.0,0.0,0.0,0.0,0.0,0.0,3.38251914146414e-5,0.007960601224312988,0.0022749509023670183,0.0,0.0,0.0,0.0,0.000174180517045439,8.209294259747589e-5,0.0,0.0,1.159837580313923e-6,3.4380286420213904e-6,6.098098875240548e-9,5.881249107992464e-10,4.058565729176876e-8,1.321945744548236e-8,1.5709554910029877e-11,3.48388683941217e-10,7.255748275420101e-11,9.478399634938445e-13,1.6044856678477942e-12,2.1525110211073305e-15,8.522956457389852e-15,7.203469314991955e-17,2.7691049205554476e-17,4.284622020453135e-20,5.529776233310924e-20,0.0,0.0,0.0,0.0,0.0,0.0,0.0,0.0,0.0,0.0,0.0,0.0,0.0,0.0,0.0,0.0,0.0,0.0,0.0,0.0,0.0,0.0,0.0,0.0,0.0,0.0,0.0,0.0,0.0,0.0,0.0,0.0,0.0,0.0,0.0,0.0,0.0,0.0,0.0,0.0,0.0,0.0,0.0,0.0,0.0,0.0,0.0,0.0
0.0,0.0,0.0,0.0,0.0,0.0,0.0,0.0,0.0,0.0,0.0,0.0,0.0,0.0,0.0,0.0,0.0,0.0,0.0,0.0,0.0,0.0,0.0,0.0,0.0,0.0,0.00750983880766322,0.12671463441455583,0.012096271299864682,0.0,0.0,0.0,0.0,0.0,0.0,0.0,1.785191764754036e-5,0.008696690099643953,0.0027788620377302018,0.0,0.0,0.0,0.0,0.00021679926527058528,0.00012342115132561255,0.0,0.0,1.4316744624805105e-6,5.6235665685637204e-6,7.291112551364675e-8,2.162843331879599e-10,6.921191209697534e-8,3.165421869420699e-8,1.5365821635215094e-11,7.380500523327031e-10,2.394945378539367e-10,1.8953074263946985e-12,5.164120281339473e-12,4.7039089218080224e-15,3.2189178056547294e-14,1.9630115218920218e-15,1.378596342994842e-16,6.118843972749125e-18,4.0773186181115773e-19,0.0,0.0,0.0,0.0,0.0,0.0,0.0,0.0,0.0,0.0,0.0,0.0,0.0,0.0,0.0,0.0,0.0,0.0,0.0,0.0,0.0,0.0,0.0,0.0,0.0,0.0,0.0,0.0,0.0,0.0,0.0,0.0,0.0,0.0,0.0,0.0,0.0,0.0,0.0,0.0,0.0,0.0,0.0,0.0,0.0,0.0,0.0
0.0,0.0,0.0,0.0,0.0,0.0,0.0,0.0,0.0,0.0,0.0,0.0,0.0,0.0,0.0,0.0,0.0,0.0,0.0,0.0,0.0,0.0,0.0,0.0,0.0,0.0,0.0,0.007776326208595926,0.13004484155871132,0.01249202719237515,0.0,0.0,0.0,0.0,0.0,0.0,0.0,0.0,0.009427148278314609,0.0033928338660354353,0.0,0.0,0.0,0.0,0.0002640574373574001,0.00018297465077220408,0.0,0.0,1.6810658311846328e-6,8.903748987694024e-6,2.9794093509678435e-7,0.0,1.124880656363415e-7,7.219839767847193e-8,7.564419983564855e-12,1.4626820798476709e-9,7.21044060564275e-10,3.4306764641379695e-12,1.5394746821531254e-11,3.7393250571723165e-13,1.0794507764598717e-13,1.6920806491765496e-14,5.931671097256937e-16,8.6712139120169e-17,2.6074408204241185e-18,5.159314565269903e-20,0.0,0.0,0.0,0.0,0.0,0.0,0.0,0.0,0.0,0.0,0.0,0.0,0.0,0.0,0.0,0.0,0.0,0.0,0.0,0.0,0.0,0.0,0.0,0.0,0.0,0.0,0.0,0.0,0.0,0.0,0.0,0.0,0.0,0.0,0.0,0.0,0.0,0.0,0.0,0.0,0.0,0.0,0.0,0.0,0.0
0.0,0.0,0.0,0.0,0.0,0.0,0.0,0.0,0.0,0.0,0.0,0.0,0.0,0.0,0.0,0.0,0.0,0.0,0.0,0.0,0.0,0.0,0.0,0.0,0.0,0.0,0.0,0.0,0.008049019874958938,0.1333754821525737,0.012895005226689042,0.0,0.0,0.0,0.0,0.0,0.0,0.0,0.0,0.010179291831160248,0.004117732631828114,0.0,0.0,0.0,0.0,0.00031388074579251325,0.0002676692291882121,0.0,0.0,1.8502801049836517e-6,1.364859200672116e-5,8.772198950110404e-7,0.0,1.7270783930209998e-7,1.5792922096148855e-7,0.0,2.6998918812190198e-9,2.0175952585584435e-9,5.4941543584283025e-12,4.181073250497434e-11,3.514034230147359e-12,3.2568169982640613e-13,1.0014601373744055e-13,2.2346329293669277e-15,7.094072422223232e-16,1.4043157695386983e-17,1.7193307337379575e-18,0.0,0.0,0.0,0.0,0.0,0.0,0.0,0.0,0.0,0.0,0.0,0.0,0.0,0.0,0.0,0.0,0.0,0.0,0.0,0.0,0.0,0.0,0.0,0.0,0.0,0.0,0.0,0.0,0.0,0.0,0.0,0.0,0.0,0.0,0.0,0.0,0.0,0.0,0.0,0.0,0.0,0.0,0.0,0.0
0.0,0.0,0.0,0.0,0.0,0.0,0.0,0.0,0.0,0.0,0.0,0.0,0.0,0.0,0.0,0.0,0.0,0.0,0.0,0.0,0.0,0.0,0.0,0.0,0.0,0.0,0.0,0.0,0.0,0.008327876070485157,0.1367012333538817,0.013305027826181036,0.0,0.0,0.0,0.0,0.0,0.0,0.0,0.0,0.010887197259420568,0.00498681389217012,0.0,0.0,0.0,0.0,0.0003626886683485608,0.00038542130554566065,0.0,0.0,1.877666999670893e-6,2.023712555660622e-5,2.152793879733609e-6,0.0,2.469632645791604e-7,3.3028536015426956e-7,0.0,4.590288308680357e-9,5.320419961944033e-9,7.34367090590671e-12,1.0340819325994697e-10,1.885961911358091e-11,8.819343545731761e-13,4.831874795090115e-13,7.389746114600404e-15,4.421801035365076e-15,6.347220264752336e-17,1.9753588295640596e-17,0.0,0.0,0.0,0.0,0.0,0.0,0.0,0.0,0.0,0.0,0.0,0.0,0.0,0.0,0.0,0.0,0.0,0.0,0.0,0.0,0.0,0.0,0.0,0.0,0.0,0.0,0.0,0.0,0.0,0.0,0.0,0.0,0.0,0.0,0.0,0.0,0.0,0.0,0.0,0.0,0.0,0.0,0.0
0.0,0.0,0.0,0.0,0.0,0.0,0.0,0.0,0.0,0.0,0.0,0.0,0.0,0.0,0.0,0.0,0.0,0.0,0.0,0.0,0.0,0.0,0.0,0.0,0.0,0.0,0.0,0.0,0.0,0.0,0.008612837689103023,0.140016631282729,0.013721898657615167,0.0,0.0,0.0,0.0,0.0,0.0,0.0,0.0,0.011589120890146421,0.0060186904149401605,0.0,0.0,0.0,0.0,0.00040488212114368733,0.0005411778883524162,0.0,0.0,1.6984150435523379e-6,2.9044007441353064e-5,4.7180087245103825e-6,0.0,3.2282621583586643e-7,6.483803231452685e-7,0.0,6.9564046438578724e-9,1.2994047647518264e-8,7.1950965480268155e-12,2.339161093489978e-10,7.813799758309316e-11,2.1102276730167148e-12,2.0344353717374847e-12,2.1097046500130678e-14,2.3404448504667694e-14,2.450194633050369e-16,1.566617024950006e-16,0.0,0.0,0.0,0.0,0.0,0.0,0.0,0.0,0.0,0.0,0.0,0.0,0.0,0.0,0.0,0.0,0.0,0.0,0.0,0.0,0.0,0.0,0.0,0.0,0.0,0.0,0.0,0.0,0.0,0.0,0.0,0.0,0.0,0.0,0.0,0.0,0.0,0.0,0.0,0.0,0.0,0.0
0.0,0.0,0.0,0.0,0.0,0.0,0.0,0.0,0.0,0.0,0.0,0.0,0.0,0.0,0.0,0.0,0.0,0.0,0.0,0.0,0.0,0.0,0.0,0.0,0.0,0.0,0.0,0.0,0.0,0.0,0.0,0.008903833362560032,0.1433160880467218,0.014145401908757613,0.0,0.0,0.0,0.0,0.0,0.0,0.0,0.0,0.012216763047464833,0.007232320246340398,0.0,0.0,0.0,0.0,0.0004364984514072746,0.0007438253115568444,0.0,0.0,1.2755850082101346e-6,4.02037011257339e-5,9.61561485862478e-6,0.0,3.945041160261388e-7,1.2084408004575053e-6,1.1334554957352671e-8,9.505568693563636e-9,2.927236445561722e-8,3.086753874465373e-10,4.802019666544869e-10,2.774222028622957e-10,4.319041669159865e-12,7.69370291480558e-12,4.9268018791828005e-14,1.0816033178356463e-13,7.891083724532511e-16,1.0086502233607454e-15,0.0,0.0,0.0,0.0,0.0,0.0,0.0,0.0,0.0,0.0,0.0,0.0,0.0,0.0,0.0,0.0,0.0,0.0,0.0,0.0,0.0,0.0,0.0,0.0,0.0,0.0,0.0,0.0,0.0,0.0,0.0,0.0,0.0,0.0,0.0,0.0,0.0,0.0,0.0,0.0,0.0
0.0,0.0,0.0,0.0,0.0,0.0,0.0,0.0,0.0,0.0,0.0,0.0,0.0,0.0,0.0,0.0,0.0,0.0,0.0,0.0,0.0,0.0,0.0,0.0,0.0,0.0,0.0,0.0,0.0,0.0,0.0,0.0,0.009200776500333688,0.146593909804675,0.014575301502178253,0.0,0.0,0.0,0.0,0.0,0.0,0.0,0.0,0.012765779036133509,0.008669734264442588,0.0,0.0,0.0,0.0,0.0004580804814667024,0.0010021866465308703,0.0,0.0,6.507040295952315e-7,5.358407009937708e-5,1.8433028215363156e-5,0.0,4.451476719954572e-7,2.1300169135183822e-6,9.00884638995633e-8,1.170690162953076e-8,6.094261115161576e-8,3.3419099738063028e-9,8.806753802966322e-10,8.840670205027908e-10,7.254209262852751e-12,2.531673024714835e-11,6.223514755814988e-13,4.247176620762355e-13,2.2112690700738817e-14,5.49084389448437e-15,2.807187066083398e-17,0.0,0.0,0.0,0.0,0.0,0.0,0.0,0.0,0.0,0.0,0.0,0.0,0.0,0.0,0.0,0.0,0.0,0.0,0.0,0.0,0.0,0.0,0.0,0.0,0.0,0.0,0.0,0.0,0.0,0.0,0.0,0.0,0.0,0.0,0.0,0.0,0.0,0.0,0.0
0.0,0.0,0.0,0.0,0.0,0.0,0.0,0.0,0.0,0.0,0.0,0.0,0.0,0.0,0.0,0.0,0.0,0.0,0.0,0.0,0.0,0.0,0.0,0.0,0.0,0.0,0.0,0.0,0.0,0.0,0.0,0.0,0.0,0.009503564261884406,0.14984431579285468,0.015011340243429552,0.0,0.0,0.0,0.0,0.0,0.0,0.0,0.0,0.013227579239496938,0.010362967029610579,0.0,0.0,0.0,0.0,0.00046597082955885196,0.0013256803747544522,6.447129227238945e-6,0.0,1.016555298980231e-7,6.845431922853153e-5,3.369881994255761e-5,0.0,4.5026456059253955e-7,3.5192537781894615e-6,3.4524763268352e-7,1.2432393750135683e-8,1.1618901982177201e-7,1.5511169325103272e-8,1.3861371425535585e-9,2.546905324391602e-9,1.0365199657563452e-11,7.166665500066183e-11,7.880214158619806e-12,1.3816474825192956e-12,2.4973031150492224e-13,2.4127209846461387e-14,2.412411435577437e-15,0.0,0.0,0.0,0.0,0.0,0.0,0.0,0.0,0.0,0.0,0.0,0.0,0.0,0.0,0.0,0.0,0.0,0.0,0.0,0.0,0.0,0.0,0.0,0.0,0.0,0.0,0.0,0.0,0.0,0.0,0.0,0.0,0.0,0.0,0.0,0.0,0.0,0.0
0.0,0.0,0.0,0.0,0.0,0.0,0.0,0.0,0.0,0.0,0.0,0.0,0.0,0.0,0.0,0.0,0.0,0.0,0.0,0.0,0.0,0.0,0.0,0.0,0.0,0.0,0.0,0.0,0.0,0.0,0.0,0.0,0.0,0.0,0.00981207646209775,0.1530614582202813,0.01545323890275513,0.0,0.0,0.0,0.0,0.0,0.0,0.0,0.0,0.013520670717133764,0.012342046240628794,0.0,0.0,0.0,0.0,0.00045795328845689524,0.0017200713556906983,3.334167354074264e-5,0.0,0.0,8.371215700874115e-5,5.925947547313938e-5,0.0,3.843307480893065e-7,5.481277184273472e-6,1.0043242497576308e-6,1.0282221988077315e-8,2.0399948868404633e-7,5.2614206744236264e-8,1.860661071017537e-9,6.481600449285175e-9,1.9240366335471625e-10,1.75797656751927e-10,4.693711094647527e-11,3.821537402868006e-12,1.5852280349820573e-12,8.488321560480511e-14,2.5877852297453675e-14,0.0,0.0,0.0,0.0,0.0,0.0,0.0,0.0,0.0,0.0,0.0,0.0,0.0,0.0,0.0,0.0,0.0,0.0,0.0,0.0,0.0,0.0,0.0,0.0,0.0,0.0,0.0,0.0,0.0,0.0,0.0,0.0,0.0,0.0,0.0,0.0,0.0
0.0,0.0,0.0,0.0,0.0,0.0,0.0,0.0,0.0,0.0,0.0,0.0,0.0,0.0,0.0,0.0,0.0,0.0,0.0,0.0,0.0,0.0,0.0,0.0,0.0,0.0,0.0,0.0,0.0,0.0,0.0,0.0,0.0,0.0,0.0,0.010126174411904358,0.15623944292482794,0.015900695230847993,0.0,0.0,0.0,0.0,0.0,0.0,0.0,0.0,0.013634403040690107,0.014541088166082655,0.0,0.0,0.0,0.0,0.0004307577957748429,0.0021781283665880356,9.016566682677154e-5,0.0,0.0,9.675942370553583e-5,0.0001008194736434962,0.0,2.402997572396189e-7,8.02119391227446e-6,2.4885953646961682e-6,4.7837173960396595e-9,3.2814910997454855e-7,1.5033266287160015e-7,2.1349476780959936e-9,1.4390128738811228e-8,1.6072155621315318e-9,3.7598772502025735e-10,2.047195151881918e-10,8.903203156356399e-12,7.71357294394332e-12,2.46460414744059e-13,1.7175773777741905e-13,0.0,0.0,0.0,0.0,0.0,0.0,0.0,0.0,0.0,0.0,0.0,0.0,0.0,0.0,0.0,0.0,0.0,0.0,0.0,0.0,0.0,0.0,0.0,0.0,0.0,0.0,0.0,0.0,0.0,0.0,0.0,0.0,0.0,0.0,0.0,0.0
0.0,0.0,0.0,0.0,0.0,0.0,0.0,0.0,0.0,0.0,0.0,0.0,0.0,0.0,0.0,0.0,0.0,0.0,0.0,0.0,0.0,0.0,0.0,0.0,0.0,0.0,0.0,0.0,0.0,0.0,0.0,0.0,0.0,0.0,0.0,0.0,0.010445699697525776,0.15937235066980282,0.01635338291100262,0.0,0.0,0.0,0.0,0.0,0.0,0.0,0.0,0.013534676428343044,0.01698462295320388,0.0,0.0,0.0,0.0,0.0003821695377626158,0.002690460262370644,0.00019758167625419978,0.0,0.0,0.00010321341562025362,0.00016188908894763322,0.0,6.351284807405392e-8,1.0920978508898068e-5,5.563500549268523e-6,0.0,4.753124666218866e-7,3.8381832589594737e-7,1.8790460798781968e-9,2.8311618248176395e-8,7.2750689365760046e-9,6.801032471757313e-10,7.488495391076415e-10,1.637672743065669e-11,3.146442903819822e-11,5.765537472425808e-13,8.98363920258916e-13,0.0,0.0,0.0,0.0,0.0,0.0,0.0,0.0,0.0,0.0,0.0,0.0,0.0,0.0,0.0,0.0,0.0,0.0,0.0,0.0,0.0,0.0,0.0,0.0,0.0,0.0,0.0,0.0,0.0,0.0,0.0,0.0,0.0,0.0,0.0
0.0,0.0,0.0,0.0,0.0,0.0,0.0,0.0,0.0,0.0,0.0,0.0,0.0,0.0,0.0,0.0,0.0,0.0,0.0,0.0,0.0,0.0,0.0,0.0,0.0,0.0,0.0,0.0,0.0,0.0,0.0,0.0,0.0,0.0,0.0,0.0,0.0,0.01077047290356157,0.16245425895104318,0.016810950452209258,0.0,0.0,0.0,0.0,0.0,0.0,0.0,0.0,0.013203225642786975,0.019678802511043623,0.0,0.0,0.0,0.0,0.0003154876097241277,0.0032419792367710423,0.00037578407046895824,0.0,0.0,0.00010310661673679289,0.00024645472971396873,1.2842535637721766e-6,0.0,1.3692315110284397e-5,1.1566307376479137e-5,0.0,6.015957742901749e-7,8.914989536927256e-7,8.814862026933637e-10,4.9266577039491404e-8,2.5191363250388826e-8,9.720202855126357e-10,2.337765256882637e-9,5.241702381117732e-11,1.0260687503191951e-10,8.871975873989987e-12,3.680105637520895e-12,2.384889271946959e-13,0.0,0.0,0.0,0.0,0.0,0.0,0.0,0.0,0.0,0.0,0.0,0.0,0.0,0.0,0.0,0.0,0.0,0.0,0.0,0.0,0.0,0.0,0.0,0.0,0.0,0.0,0.0,0.0,0.0,0.0,0.0,0.0,0.0
0.0,0.0,0.0,0.0,0.0,0.0,0.0,0.0,0.0,0.0,0.0,0.0,0.0,0.0,0.0,0.0,0.0,0.0,0.0,0.0,0.0,0.0,0.0,0.0,0.0,0.0,0.0,0.0,0.0,0.0,0.0,0.0,0.0,0.0,0.0,0.0,0.0,0.0,0.011100292287192216,0.16547926417723946,0.017273020030333264,0.0,0.0,0.0,0.0,0.0,0.0,0.0,0.0,0.012718486683620436,0.0226280431530404,0.0,0.0,0.0,0.0,0.00023235190653724655,0.0038065725085333325,0.0006593229483274436,0.0,0.0,9.636297558626872e-5,0.0003575005322481294,1.18189882932004e-5,0.0,1.5374259953165e-5,2.231501676772603e-5,0.0,6.482604791587737e-7,1.8278829426619394e-6,4.112117328729536e-8,7.35287906607832e-8,7.457195967904388e-8,1.123453960378817e-9,5.904320237774273e-9,6.401322937785355e-10,2.652576815814905e-10,6.996334964298912e-11,1.1312110365305737e-11,2.9424893820848395e-12,0.0,0.0,0.0,0.0,0.0,0.0,0.0,0.0,0.0,0.0,0.0,0.0,0.0,0.0,0.0,0.0,0.0,0.0,0.0,0.0,0.0,0.0,0.0,0.0,0.0,0.0,0.0,0.0,0.0,0.0,0.0,0.0
0.0,0.0,0.0,0.0,0.0,0.0,0.0,0.0,0.0,0.0,0.0,0.0,0.0,0.0,0.0,0.0,0.0,0.0,0.0,0.0,0.0,0.0,0.0,0.0,0.0,0.0,0.0,0.0,0.0,0.0,0.0,0.0,0.0,0.0,0.0,0.0,0.0,0.0,0.0,0.011434932413086572,0.168441504081118,0.017739186287427298,0.0,0.0,0.0,0.0,0.0,0.0,0.0,0.0,0.012095409270986011,0.02580738839188812,0.0,0.0,0.0,0.0,0.00014335773761115834,0.004349865977946248,0.0010876999985732214,0.0,0.0,8.213236923753691e-5,0.0004895113823483773,3.98901286100611e-5,0.0,1.5277830371347874e-5,3.9052838847901614e-5,5.743219515246314e-7,6.062276906251843e-7,3.2869762388504605e-6,3.1550499541743134e-7,8.881422166023665e-8,1.9078310582357885e-7,2.950510619499713e-9,1.2407016654114803e-8,3.5852106535409096e-9,5.63060007456172e-10,3.4904438417550453e-10,2.763616419566663e-11,1.825316003048795e-11,0.0,0.0,0.0,0.0,0.0,0.0,0.0,0.0,0.0,0.0,0.0,0.0,0.0,0.0,0.0,0.0,0.0,0.0,0.0,0.0,0.0,0.0,0.0,0.0,0.0,0.0,0.0,0.0,0.0,0.0,0.0
0.0,0.0,0.0,0.0,0.0,0.0,0.0,0.0,0.0,0.0,0.0,0.0,0.0,0.0,0.0,0.0,0.0,0.0,0.0,0.0,0.0,0.0,0.0,0.0,0.0,0.0,0.0,0.0,0.0,0.0,0.0,0.0,0.0,0.0,0.0,0.0,0.0,0.0,0.0,0.0,0.011794369505195626,0.17133518021616817,0.018209015102446265,0.0,0.0,0.0,0.0,0.0,0.0,0.0,0.0,0.011330340172254313,0.029212676662591676,0.00012427968980264443,0.0,0.0,0.0,5.867295710185554e-5,0.004804855713068165,0.0017113978988864886,0.0,0.0,6.071143124875259e-5,0.0006350272203942536,9.928730203017675e-5,0.0,1.360829538943587e-5,6.1911217491391e-5,4.249232274599272e-6,4.461191152983419e-7,5.260994538433205e-6,1.1930188012466767e-6,8.868892987817615e-8,4.026825266744321e-7,3.5891218615544286e-8,2.187352816824518e-8,1.4119752295161053e-8,9.274663696361939e-10,1.3725283712945544e-9,5.0397599638864686e-11,8.456879806262379e-11,2.6867958330920796e-13,0.0,0.0,0.0,0.0,0.0,0.0,0.0,0.0,0.0,0.0,0.0,0.0,0.0,0.0,0.0,0.0,0.0,0.0,0.0,0.0,0.0,0.0,0.0,0.0,0.0,0.0,0.0,0.0,0.0
0.0,0.0,0.0,0.0,0.0,0.0,0.0,0.0,0.0,0.0,0.0,0.0,0.0,0.0,0.0,0.0,0.0,0.0,0.0,0.0,0.0,0.0,0.0,0.0,0.0,0.0,0.0,0.0,0.0,0.0,0.0,0.0,0.0,0.0,0.0,0.0,0.0,0.0,0.0,0.0,0.0,0.012179830801151115,0.17415458039275453,0.018682042350121376,0.0,0.0,0.0,0.0,0.0,0.0,0.0,0.0,0.010424238933087512,0.03284394560118714,0.0004259412078194928,0.0,0.0,0.0,6.699715840264814e-6,0.00511923866381082,0.002595305971970062,0.0,0.0,3.5306789395849534e-5,0.0007795166069687964,0.00020882490955952617,0.0,1.0200400658928649e-5,8.951573846548958e-5,1.4533853932632374e-5,1.9044088311588017e-7,7.493080712066084e-6,3.4154569820549553e-6,6.76729012128024e-8,7.190531581423903e-7,1.7580866308025855e-7,3.043693219885443e-8,4.550750013520316e-8,1.1381062098522984e-9,4.1114749794864754e-9,4.0362417511349356e-10,2.8280123450441016e-10,3.353036391923466e-11,0.0,0.0,0.0,0.0,0.0,0.0,0.0,0.0,0.0,0.0,0.0,0.0,0.0,0.0,0.0,0.0,0.0,0.0,0.0,0.0,0.0,0.0,0.0,0.0,0.0,0.0,0.0,0.0
0.0,0.0,0.0,0.0,0.0,0.0,0.0,0.0,0.0,0.0,0.0,0.0,0.0,0.0,0.0,0.0,0.0,0.0,0.0,0.0,0.0,0.0,0.0,0.0,0.0,0.0,0.0,0.0,0.0,0.0,0.0,0.0,0.0,0.0,0.0,0.0,0.0,0.0,0.0,0.0,0.0,0.0,0.012571961591344218,0.17689410090863042,0.019157772668349005,0.0,0.0,0.0,0.0,0.0,0.0,0.0,0.0,0.009391109259422811,0.0365077107214164,0.0009687790961452636,0.0,0.0,0.0,0.0,0.005256325212423658,0.003819159517900491,0.0,0.0,1.1099207359215456e-5,0.0008971764245288849,0.00039640799366700836,0.0,5.487689983792205e-6,0.00011849377697358458,3.7452164836253235e-5,0.0,9.212533875355688e-6,8.3703802190413e-6,2.709438544018678e-8,1.0989423291124882e-6,5.914388024329822e-7,3.166007569279851e-8,1.1394665091977593e-7,9.808356058637547e-9,9.281109866240633e-9,2.751229105022636e-9,6.926398748302962e-10,2.715241971492857e-10,0.0,0.0,0.0,0.0,0.0,0.0,0.0,0.0,0.0,0.0,0.0,0.0,0.0,0.0,0.0,0.0,0.0,0.0,0.0,0.0,0.0,0.0,0.0,0.0,0.0,0.0,0.0
0.0,0.0,0.0,0.0,0.0,0.0,0.0,0.0,0.0,0.0,0.0,0.0,0.0,0.0,0.0,0.0,0.0,0.0,0.0,0.0,0.0,0.0,0.0,0.0,0.0,0.0,0.0,0.0,0.0,0.0,0.0,0.0,0.0,0.0,0.0,0.0,0.0,0.0,0.0,0.0,0.0,0.0,0.0,0.012970443289662964,0.17954826843218194,0.019635678258310845,0.0,0.0,0.0,0.0,0.0,0.0,0.0,0.0,0.008250743561441358,0.040116565124705114,0.0018015914379034806,0.0,0.0,0.0,0.0,0.005131277313209716,0.005454354515418583,0.0,0.0,0.0,0.0009566167462856952,0.0007011745506901297,0.0,1.124227571273089e-6,0.0001412559665362114,8.267842486454674e-5,0.0,9.267159442709625e-6,1.779732425645962e-5,2.0653551507822297e-7,1.3690512076917414e-6,1.6403282419125408e-6,2.4610610859237166e-8,2.2287939789992418e-7,5.811704974936675e-8,1.6552901259856736e-8,1.2164584515823317e-8,1.2841412275006283e-9,1.3235868022988958e-9,0.0,0.0,0.0,0.0,0.0,0.0,0.0,0.0,0.0,0.0,0.0,0.0,0.0,0.0,0.0,0.0,0.0,0.0,0.0,0.0,0.0,0.0,0.0,0.0,0.0,0.0
0.0,0.0,0.0,0.0,0.0,0.0,0.0,0.0,0.0,0.0,0.0,0.0,0.0,0.0,0.0,0.0,0.0,0.0,0.0,0.0,0.0,0.0,0.0,0.0,0.0,0.0,0.0,0.0,0.0,0.0,0.0,0.0,0.0,0.0,0.0,0.0,0.0,0.0,0.0,0.0,0.0,0.0,0.0,0.0,0.013374915186604634,0.18211176140180863,0.02011519774528922,0.0,0.0,0.0,0.0,0.0,0.0,0.0,0.0,0.007029136657238947,0.04355474268260292,0.0029875837916517765,0.0,0.0,0.0,0.0,0.0046732609831293785,0.007391246694841435,0.0,0.0,0.0,0.0009275730286420158,0.0011617896934106005,0.0,0.0,0.00014757537761988534,0.00016498676075209982,0.0,7.776949969653185e-6,3.122683154395132e-5,2.7041530104988765e-6,1.3024393640285673e-6,3.64619060624649e-6,1.9658377818701775e-7,3.5412313283601075e-7,2.239714530301918e-7,2.1066522792820326e-8,4.148914856106194e-8,2.6060033975316543e-9,4.631918768960744e-9,3.475990819644255e-10,0.0,0.0,0.0,0.0,0.0,0.0,0.0,0.0,0.0,0.0,0.0,0.0,0.0,0.0,0.0,0.0,0.0,0.0,0.0,0.0,0.0,0.0,0.0,0.0
0.0,0.0,0.0,0.0,0.0,0.0,0.0,0.0,0.0,0.0,0.0,0.0,0.0,0.0,0.0,0.0,0.0,0.0,0.0,0.0,0.0,0.0,0.0,0.0,0.0,0.0,0.0,0.0,0.0,0.0,0.0,0.0,0.0,0.0,0.0,0.0,0.0,0.0,0.0,0.0,0.0,0.0,0.0,0.0,0.0,0.013784972414783981,0.18457943081196032,0.02061823795301631,0.0,0.0,0.0,0.0,0.0,0.0,0.0,0.0,0.005758824360648535,0.04670584010222102,0.004596206163056821,0.0,0.0,0.0,0.0,0.004041855629425685,0.009592419804924503,0.00011621044269316789,0.0,0.0,0.0007985685117786781,0.0017485837037622375,2.513225341044597e-5,0.0,0.00012986212415543418,0.0002869094887632506,6.066088101383775e-6,5.0679941328823185e-6,4.675492160427511e-5,1.089593128411898e-5,9.727782424711024e-7,6.39992695385395e-6,1.229149858120396e-6,4.212787584636298e-7,6.758681891515092e-7,2.693318347574193e-8,9.816549480104096e-8,1.8787992223916313e-8,1.0935460108017883e-8,3.4410748849755474e-9,0.0,0.0,0.0,0.0,0.0,0.0,0.0,0.0,0.0,0.0,0.0,0.0,0.0,0.0,0.0,0.0,0.0,0.0,0.0,0.0,0.0,0.0,0.0
0.0,0.0,0.0,0.0,0.0,0.0,0.0,0.0,0.0,0.0,0.0,0.0,0.0,0.0,0.0,0.0,0.0,0.0,0.0,0.0,0.0,0.0,0.0,0.0,0.0,0.0,0.0,0.0,0.0,0.0,0.0,0.0,0.0,0.0,0.0,0.0,0.0,0.0,0.0,0.0,0.0,0.0,0.0,0.0,0.0,0.0,0.014200164064093617,0.18694632026504096,0.021151075189990237,0.0,0.0,0.0,0.0,0.0,0.0,0.0,0.0,0.004479132932975472,0.04946066970284771,0.006721026600952123,0.0,0.0,0.0,0.0,0.0032984771380308604,0.01186706670173323,0.0005173658014609871,0.0,0.0,0.0006254937661720688,0.002390977809657395,0.00015335400973347815,0.0,9.897865939211493e-5,0.0004290732035192403,4.06555282049578e-5,1.7872785691504442e-6,6.033681249839404e-5,3.07073987825795e-5,4.3594360644360707e-7,9.301655592187608e-6,4.368644313736571e-6,3.6171320023572105e-7,1.4736396697222535e-6,1.9841651243290967e-7,1.7567999695999644e-7,9.043277287289614e-8,1.903817619492593e-8,1.667200845930957e-8,0.0,0.0,0.0,0.0,0.0,0.0,0.0,0.0,0.0,0.0,0.0,0.0,0.0,0.0,0.0,0.0,0.0,0.0,0.0,0.0,0.0,0.0
0.0,0.0,0.0,0.0,0.0,0.0,0.0,0.0,0.0,0.0,0.0,0.0,0.0,0.0,0.0,0.0,0.0,0.0,0.0,0.0,0.0,0.0,0.0,0.0,0.0,0.0,0.0,0.0,0.0,0.0,0.0,0.0,0.0,0.0,0.0,0.0,0.0,0.0,0.0,0.0,0.0,0.0,0.0,0.0,0.0,0.0,0.0,0.014619991490691295,0.18920768517869296,0.02168627379395081,0.0,0.0,0.0,0.0,0.0,0.0,0.0,0.0,0.003236326159291614,0.05168326449628345,0.009480122055052335,0.0,0.0,0.0,0.0,0.0024826602572040907,0.013996853329542234,0.0013088916191104974,0.0,0.0,0.00042321270951311104,0.003001821733884504,0.00044895856115157617,0.0,5.966195182019062e-5,0.000567450128490724,0.00012911305279988535,0.0,6.38488751374891e-5,7.197498286516907e-5,8.60317190256244e-9,1.0704214060237939e-5,1.1990096654196593e-5,2.0938994969616756e-7,2.4666771094901313e-6,9.355803770067921e-7,2.2804496002442643e-7,3.191800743155097e-7,2.486810220523677e-8,5.5520987835451145e-8,4.363812976845933e-9,0.0,0.0,0.0,0.0,0.0,0.0,0.0,0.0,0.0,0.0,0.0,0.0,0.0,0.0,0.0,0.0,0.0,0.0,0.0,0.0
0.0,0.0,0.0,0.0,0.0,0.0,0.0,0.0,0.0,0.0,0.0,0.0,0.0,0.0,0.0,0.0,0.0,0.0,0.0,0.0,0.0,0.0,0.0,0.0,0.0,0.0,0.0,0.0,0.0,0.0,0.0,0.0,0.0,0.0,0.0,0.0,0.0,0.0,0.0,0.0,0.0,0.0,0.0,0.0,0.0,0.0,0.0,0.0,0.015043906866952086,0.19135901104957645,0.02222307626932696,0.0,0.0,0.0,0.0,0.0,0.0,0.0,0.0,0.0020939956781320253,0.05322466977645627,0.012922597863007274,0.0,0.0,0.0,0.0,0.001651089145354429,0.01577812866236541,0.0026394026398494854,0.0,0.0,0.00021919001320614163,0.0034799306874644773,0.0010024030327564282,0.0,2.0934467239098055e-5,0.0006639091194698844,0.00030973373205690205,0.0,5.237815588971194e-5,0.00013541659606380028,7.3595470135510625e-6,8.996125853397213e-6,2.5121540346993348e-5,1.872799031838014e-6,3.181067314930784e-6,3.081770133072275e-6,1.948498272778161e-7,7.599475011029543e-7,1.289140909220095e-7,1.194066460910729e-7,3.968360325106559e-8,0.0,0.0,0.0,0.0,0.0,0.0,0.0,0.0,0.0,0.0,0.0,0.0,0.0,0.0,0.0,0.0,0.0,0.0,0.0
0.0,0.0,0.0,0.0,0.0,0.0,0.0,0.0,0.0,0.0,0.0,0.0,0.0,0.0,0.0,0.0,0.0,0.0,0.0,0.0,0.0,0.0,0.0,0.0,0.0,0.0,0.0,0.0,0.0,0.0,0.0,0.0,0.0,0.0,0.0,0.0,0.0,0.0,0.0,0.0,0.0,0.0,0.0,0.0,0.0,0.0,0.0,0.0,0.0,0.015471312021854741,0.1933960306874242,0.022760673056677987,0.0,0.0,0.0,0.0,0.0,0.0,0.0,0.0,0.0011451325880877691,0.05377280471411605,0.017222267568588624,0.0,0.0,0.0,0.0,0.0008845499621854282,0.01699618201548784,0.004667431698460258,0.0,0.0,5.698826633154167e-5,0.0036759433077820244,0.0019260819717618646,0.0,0.0,0.0006604313487183156,0.000636252306033883,0.0,3.423280142860393e-5,0.00020352548930894696,3.852584204965715e-5,5.662296244399017e-6,4.003334605434078e-5,1.0023730596695566e-5,2.7943125097911326e-6,7.395451795618133e-6,7.028466914015811e-7,1.299145117169195e-6,6.073564067244136e-7,1.8369518294660575e-7,1.7546014696470405e-7,0.0,0.0,0.0,0.0,0.0,0.0,0.0,0.0,0.0,0.0,0.0,0.0,0.0,0.0,0.0,0.0,0.0,0.0
0.0,0.0,0.0,0.0,0.0,0.0,0.0,0.0,0.0,0.0,0.0,0.0,0.0,0.0,0.0,0.0,0.0,0.0,0.0,0.0,0.0,0.0,0.0,0.0,0.0,0.0,0.0,0.0,0.0,0.0,0.0,0.0,0.0,0.0,0.0,0.0,0.0,0.0,0.0,0.0,0.0,0.0,0.0,0.0,0.0,0.0,0.0,0.0,0.0,0.0,0.015901557623037594,0.19531474034656587,0.023298202170998213,0.0,0.0,0.0,0.0,0.0,0.0,0.0,0.0,0.000429155669675314,0.0532655879815713,0.022435844616009257,0.0,0.0,0.0,0.0,0.0002979627040347389,0.01730153872215113,0.0076102954284251005,0.0,0.0,0.0,0.0034361579407914985,0.003371840393160823,0.0,0.0,0.000532322170298606,0.0011049418854085506,3.5972639562810874e-5,1.3896676882473913e-5,0.00025624362726808054,0.00011537583890584851,1.774983157981064e-6,5.1155555018356836e-5,3.180917022869808e-5,1.7350127506199822e-6,1.2532151353375692e-5,3.6909176690277756e-6,1.5831710675984645e-6,2.072188728150914e-6,2.0589635635694868e-7,5.04998705582055e-7,6.033848471550483e-8,0.0,0.0,0.0,0.0,0.0,0.0,0.0,0.0,0.0,0.0,0.0,0.0,0.0,0.0,0.0,0.0
0.0,0.0,0.0,0.0,0.0,0.0,0.0,0.0,0.0,0.0,0.0,0.0,0.0,0.0,0.0,0.0,0.0,0.0,0.0,0.0,0.0,0.0,0.0,0.0,0.0,0.0,0.0,0.0,0.0,0.0,0.0,0.0,0.0,0.0,0.0,0.0,0.0,0.0,0.0,0.0,0.0,0.0,0.0,0.0,0.0,0.0,0.0,0.0,0.0,0.0,0.0,0.01633394275260985,0.19711141469601223,0.023834749295410882,0.0,0.0,0.0,0.0,0.0,0.0,0.0,0.0,2.067176668276342e-5,0.05162899417210884,0.028764571489031925,0.0,0.0,0.0,0.0,0.0,0.01645575902712423,0.011679697865226797,0.0,0.0,0.0,0.002754541531456655,0.005201397526081949,0.00010366344208141439,0.0,0.0003587961553615119,0.001568727638868478,0.00020366566817714958,5.123046063854801e-7,0.00025844499418287245,0.00027231702527706386,4.988616178505185e-7,4.764846218130642e-5,7.746819233498226e-5,2.7083119757062547e-6,1.617597482213727e-5,1.2604924556977569e-5,1.2251806044548271e-6,4.5885923444173515e-6,8.744194566714419e-7,9.36137476978933e-7,4.0345294251239967e-7,0.0,0.0,0.0,0.0,0.0,0.0,0.0,0.0,0.0,0.0,0.0,0.0,0.0,0.0,0.0
0.0,0.0,0.0,0.0,0.0,0.0,0.0,0.0,0.0,0.0,0.0,0.0,0.0,0.0,0.0,0.0,0.0,0.0,0.0,0.0,0.0,0.0,0.0,0.0,0.0,0.0,0.0,0.0,0.0,0.0,0.0,0.0,0.0,0.0,0.0,0.0,0.0,0.0,0.0,0.0,0.0,0.0,0.0,0.0,0.0,0.0,0.0,0.0,0.0,0.0,0.0,0.0,0.01676771492877394,0.19878262058309915,0.024369348388566466,0.0,0.0,0.0,0.0,0.0,0.0,0.0,0.0,0.0,0.04892727311198627,0.036275523722259014,0.0,0.0,0.0,0.0,0.0,0.014461871114746009,0.01696935115738247,0.0,0.0,0.0,0.0019477953858478537,0.006950353386880188,0.0005988611476370708,0.0,0.00017927542837167579,0.0019181283594981865,0.0005920326045858308,0.0,0.0001939655749906074,0.0004939987019532771,3.65178523973673e-5,3.2273527515353665e-5,0.00013269455873328123,2.206412706797252e-5,1.3974115664288257e-5,3.070760857025608e-5,2.815800984450416e-6,7.1518298459291405e-6,3.7119025573781077e-6,1.1894178736280655e-6,1.5213790546016123e-6,3.4152076250752694e-8,0.0,0.0,0.0,0.0,0.0,0.0,0.0,0.0,0.0,0.0,0.0,0.0,0.0
0.0,0.0,0.0,0.0,0.0,0.0,0.0,0.0,0.0,0.0,0.0,0.0,0.0,0.0,0.0,0.0,0.0,0.0,0.0,0.0,0.0,0.0,0.0,0.0,0.0,0.0,0.0,0.0,0.0,0.0,0.0,0.0,0.0,0.0,0.0,0.0,0.0,0.0,0.0,0.0,0.0,0.0,0.0,0.0,0.0,0.0,0.0,0.0,0.0,0.0,0.0,0.0,0.0,0.017202070624152382,0.20032522955938142,0.024900982862399314,0.0,0.0,0.0,0.0,0.0,0.0,0.0,0.0,0.0,0.04495669781200536,0.04499052891400515,0.0,0.0,0.0,0.0,0.0,0.011500524000467248,0.02260444370923563,0.000404610683721535,0.0,0.0,0.00114417432813089,0.008293932850503501,0.0016775407167792635,0.0,3.806590418584076e-5,0.0020000393246266835,0.001322513875138416,0.0,0.00011203773549062806,0.0006943277777232485,0.0001651563711488907,1.3953163207375762e-5,0.00017626792369449958,7.998417071950426e-5,8.349598633071781e-6,5.051927727166624e-5,1.439798762201935e-5,7.59448209295682e-6,1.143958534454094e-5,1.3382414960406139e-6,3.4566104588861067e-6,7.072739014722663e-7,0.0,0.0,0.0,0.0,0.0,0.0,0.0,0.0,0.0,0.0,0.0,0.0
0.0,0.0,0.0,0.0,0.0,0.0,0.0,0.0,0.0,0.0,0.0,0.0,0.0,0.0,0.0,0.0,0.0,0.0,0.0,0.0,0.0,0.0,0.0,0.0,0.0,0.0,0.0,0.0,0.0,0.0,0.0,0.0,0.0,0.0,0.0,0.0,0.0,0.0,0.0,0.0,0.0,0.0,0.0,0.0,0.0,0.0,0.0,0.0,0.0,0.0,0.0,0.0,0.0,0.0,0.0176436457093064,0.20173642915050374,0.02542858738369078,0.0,0.0,0.0,0.0,0.0,0.0,0.0,0.0,0.0,0.03962687440142128,0.05408811614285735,0.0,0.0,0.0,0.0,0.0,0.008492531952799144,0.027657139403992836,0.0017731371651317003,0.0,0.0,0.00045987326622573657,0.008892555891319669,0.0035784515835398673,0.0,0.0,0.0016449898702294882,0.0024836530660666194,5.1654350965826826e-5,3.536432633475962e-5,0.0007954646494699793,0.0004550192220513384,7.808198563464945e-7,0.0001749765113976461,0.00020725487601037343,5.352163861246263e-6,6.196049009466161e-5,4.7819975730510756e-5,5.08825567149191e-6,2.201824929610986e-5,5.415875814782249e-6,5.283346815341026e-6,3.3655658148820716e-6,0.0,0.0,0.0,0.0,0.0,0.0,0.0,0.0,0.0,0.0,0.0
0.0,0.0,0.0,0.0,0.0,0.0,0.0,0.0,0.0,0.0,0.0,0.0,0.0,0.0,0.0,0.0,0.0,0.0,0.0,0.0,0.0,0.0,0.0,0.0,0.0,0.0,0.0,0.0,0.0,0.0,0.0,0.0,0.0,0.0,0.0,0.0,0.0,0.0,0.0,0.0,0.0,0.0,0.0,0.0,0.0,0.0,0.0,0.0,0.0,0.0,0.0,0.0,0.0,0.0,0.0,0.01815402852247758,0.20301373286370222,0.02595105034813161,0.0,0.0,0.0,0.0,0.0,0.0,0.0,0.0,0.0,0.03385413480958096,0.0631615750631041,0.0005241754270411753,0.0,0.0,0.0,0.0,0.0056210641965182915,0.031507729043979416,0.00438492720223123,0.0,0.0,4.591788975217928e-5,0.008320839671743477,0.006579402805639037,0.0,0.0,0.001090788956218799,0.00362047938632009,0.0004149996079097702,0.0,0.0006837732188153943,0.0009807004616904573,2.649174004152749e-5,0.00011899225912202976,0.0003702435282984525,5.0855424517509246e-5,4.975333949606205e-5,0.00010944348762277266,1.1749391283373328e-5,2.9947462309203574e-5,2.0014931277507006e-5,5.062661752526144e-6,9.884372802914567e-6,8.498309289854258e-7,0.0,0.0,0.0,0.0,0.0,0.0,0.0,0.0,0.0
0.0,0.0,0.0,0.0,0.0,0.0,0.0,0.0,0.0,0.0,0.0,0.0,0.0,0.0,0.0,0.0,0.0,0.0,0.0,0.0,0.0,0.0,0.0,0.0,0.0,0.0,0.0,0.0,0.0,0.0,0.0,0.0,0.0,0.0,0.0,0.0,0.0,0.0,0.0,0.0,0.0,0.0,0.0,0.0,0.0,0.0,0.0,0.0,0.0,0.0,0.0,0.0,0.0,0.0,0.0,0.0,0.018664714602919352,0.2041549889372957,0.02646721706912207,0.0,0.0,0.0,0.0,0.0,0.0,0.0,0.0,0.0,0.028111098214797806,0.07171854934432986,0.0020145987777441055,0.0,0.0,0.0,0.0,0.0031002769817212667,0.0336137656668104,0.00858102530689131,0.0,0.0,0.0,0.006457466771397926,0.010545346017485448,0.00024926370428005604,0.0,0.0005507754135004176,0.004392401913972274,0.0012876903839964553,0.0,0.00043706708998141676,0.0015203498853576694,0.00022638901573650508,5.518860013799781e-5,0.0004918106190746213,0.00019625013707910287,2.710407365865331e-5,0.00016733643654847342,5.435291055331077e-5,2.6034891534457206e-5,5.160794213503521e-5,7.5132628898302076e-6,1.748354259227134e-5,6.1717149142368e-6,0.0,0.0,0.0,0.0,0.0,0.0,0.0,0.0
0.0,0.0,0.0,0.0,0.0,0.0,0.0,0.0,0.0,0.0,0.0,0.0,0.0,0.0,0.0,0.0,0.0,0.0,0.0,0.0,0.0,0.0,0.0,0.0,0.0,0.0,0.0,0.0,0.0,0.0,0.0,0.0,0.0,0.0,0.0,0.0,0.0,0.0,0.0,0.0,0.0,0.0,0.0,0.0,0.0,0.0,0.0,0.0,0.0,0.0,0.0,0.0,0.0,0.0,0.0,0.0,0.0,0.019174513497523152,0.20515838784545434,0.02704124258326088,0.0,0.0,0.0,0.0,0.0,0.0,0.0,0.0,0.0,0.022478938329398034,0.07902637337170848,0.004638640911710525,0.0,0.0,0.0,0.0,0.0011652241069117825,0.033358946295818294,0.014675036033183897,0.0,0.0,0.0,0.004303324802880554,0.013952756193961538,0.0014282083223053927,0.0,0.00013660438257346176,0.004468004760610501,0.0029058456665529107,0.0,0.00019406443011663323,0.0018601284116689066,0.0007324867408430842,6.94714382484898e-6,0.0004896967160503248,0.0005109482062625203,1.32657313763141e-5,0.00018736437057570996,0.00016575647416458523,1.5672427652306317e-5,8.362985484537764e-5,2.889193316446905e-5,2.1091106353209566e-5,2.1952543014900293e-5,4.54816081746761e-7,0.0,0.0,0.0,0.0,0.0,0.0
0.0,0.0,0.0,0.0,0.0,0.0,0.0,0.0,0.0,0.0,0.0,0.0,0.0,0.0,0.0,0.0,0.0,0.0,0.0,0.0,0.0,0.0,0.0,0.0,0.0,0.0,0.0,0.0,0.0,0.0,0.0,0.0,0.0,0.0,0.0,0.0,0.0,0.0,0.0,0.0,0.0,0.0,0.0,0.0,0.0,0.0,0.0,0.0,0.0,0.0,0.0,0.0,0.0,0.0,0.0,0.0,0.0,0.0,0.01968217790421592,0.20602246857853365,0.027622188355641758,0.0,0.0,0.0,0.0,0.0,0.0,0.0,0.0,0.0,0.01718865939803358,0.08474844572093938,0.008565543033911277,0.0,0.0,0.0,0.0,0.00010700853059363984,0.03013392613604419,0.023052977831513916,0.0,0.0,0.0,0.002342687550445,0.016109199133457822,0.0038938357094428886,0.0,0.0,0.00348705802127022,0.005344207460351948,0.00018516700888999605,2.523505640845654e-5,0.001775871848488697,0.001715662011521385,1.527601873173143e-5,0.00032559339501065905,0.0009047341797509524,0.00012481350596352337,0.00013393080639844315,0.00033493521604720564,4.6712105648478954e-5,9.544585832805695e-5,9.158408177834878e-5,1.6313152484405403e-5,4.654023678525004e-5,9.116917614529561e-6,0.0,0.0,0.0,0.0,0.0
0.0,0.0,0.0,0.0,0.0,0.0,0.0,0.0,0.0,0.0,0.0,0.0,0.0,0.0,0.0,0.0,0.0,0.0,0.0,0.0,0.0,0.0,0.0,0.0,0.0,0.0,0.0,0.0,0.0,0.0,0.0,0.0,0.0,0.0,0.0,0.0,0.0,0.0,0.0,0.0,0.0,0.0,0.0,0.0,0.0,0.0,0.0,0.0,0.0,0.0,0.0,0.0,0.0,0.0,0.0,0.0,0.0,0.0,0.0,0.02018640893443151,0.20674612372420273,0.028194803126173704,0.0,0.0,0.0,0.0,0.0,0.0,0.0,0.0,0.0,0.01231937232384974,0.08852410097192645,0.013963753567232793,0.0,0.0,0.0,0.0,0.0,0.02414114067475046,0.03330036313299478,0.0003555631463709522,0.0,0.0,0.000817435541416408,0.01634786822838639,0.008038334135207669,0.0,0.0,0.002154355874045718,0.007424735773343692,0.0011033714744300837,0.0,0.0011934977781255583,0.0029055248564997006,0.00031344325937365276,0.00014915619310249144,0.0011674566888767652,0.00046788830929863186,6.378426356064484e-5,0.0004614918101707913,0.0001880540540066711,6.64807966587638e-5,0.00018499682593271815,3.7153631476704865e-5,6.479887475540288e-5,3.9011871674155846e-5,0.0,0.0,0.0,0.0
0.0,0.0,0.0,0.0,0.0,0.0,0.0,0.0,0.0,0.0,0.0,0.0,0.0,0.0,0.0,0.0,0.0,0.0,0.0,0.0,0.0,0.0,0.0,0.0,0.0,0.0,0.0,0.0,0.0,0.0,0.0,0.0,0.0,0.0,0.0,0.0,0.0,0.0,0.0,0.0,0.0,0.0,0.0,0.0,0.0,0.0,0.0,0.0,0.0,0.0,0.0,0.0,0.0,0.0,0.0,0.0,0.0,0.0,0.0,0.0,0.02068586228686348,0.20732860337715472,0.02875756007987965,0.0,0.0,0.0,0.0,0.0,0.0,0.0,0.0,0.0,0.008028331415674498,0.09002467181137601,0.020998123942381614,0.0,0.0,0.0,0.0,0.0,0.017425110215280457,0.0422095365865866,0.00247169897643317,0.0,0.0,3.81503697020793e-5,0.01395894212289309,0.0142868560866348,9.142254631623747e-5,0.0,0.0009762952485341959,0.008488939553081344,0.003087482708182469,0.0,0.0005956056345872196,0.0036899881104057327,0.0011582899823676383,2.079373108432148e-5,0.0011211968409608557,0.0011716509552364928,3.430103590258448e-5,0.00045612442477162225,0.0005068887755768723,4.4420808466678286e-5,0.00025061843833046755,0.00012790402406936448,5.6909191251056916e-5,0.0001015565654289525,9.9393064040671e-6,0.0,0.0
0.0,0.0,0.0,0.0,0.0,0.0,0.0,0.0,0.0,0.0,0.0,0.0,0.0,0.0,0.0,0.0,0.0,0.0,0.0,0.0,0.0,0.0,0.0,0.0,0.0,0.0,0.0,0.0,0.0,0.0,0.0,0.0,0.0,0.0,0.0,0.0,0.0,0.0,0.0,0.0,0.0,0.0,0.0,0.0,0.0,0.0,0.0,0.0,0.0,0.0,0.0,0.0,0.0,0.0,0.0,0.0,0.0,0.0,0.0,0.0,0.0,0.021179155323501734,0.20776951790549725,0.029308904406283007,0.0,0.0,0.0,0.0,0.0,0.0,0.0,0.0,0.0,0.004484393339272033,0.08893795633990283,0.029827017788140425,0.0,0.0,0.0,0.0,0.0,0.011313741918347171,0.048428617297273005,0.006796134071374929,0.0,0.0,0.0,0.009630061724252646,0.02065900473429676,0.0014270158009370355,0.0,0.0001808444968075054,0.007934113432189121,0.006520629167102822,2.109408756538106e-5,0.0001427567909034772,0.0036942969810485494,0.00281448423741992,7.822167399579491e-6,0.0007135609234893378,0.0019681265187762188,0.0003064492146295881,0.00028563102736892245,0.0008708821827477268,0.00016729485824568862,0.00022776726833993852,0.0003295113515118451,5.279283060897721e-5,0.00016000969969537902,5.8254348916925905e-5,0.0
0.0,0.0,0.0,0.0,0.0,0.0,0.0,0.0,0.0,0.0,0.0,0.0,0.0,0.0,0.0,0.0,0.0,0.0,0.0,0.0,0.0,0.0,0.0,0.0,0.0,0.0,0.0,0.0,0.0,0.0,0.0,0.0,0.0,0.0,0.0,0.0,0.0,0.0,0.0,0.0,0.0,0.0,0.0,0.0,0.0,0.0,0.0,0.0,0.0,0.0,0.0,0.0,0.0,0.0,0.0,0.0,0.0,0.0,0.0,0.0,0.0,0.0,0.021664875022563205,0.2080688395998926,0.029847262668618167,0.0,0.0,0.0,0.0,0.0,0.0,0.0,0.0,0.0,0.0018571406807294628,0.08488909817356918,0.04065542336704981,0.0,0.0,0.0,0.0,0.0,0.006191442018202018,0.05112426164714078,0.013739087218687931,0.0,0.0,0.0,0.0056426791330580804,0.02483743486540424,0.004710551236347156,0.0,0.0,0.005510120862044461,0.01068447367582261,0.0008210460774032728,0.0,0.002604433950249677,0.005029292383787928,0.0004472387451314559,0.00031217176412404423,0.0024161579666801144,0.001048156518666458,0.00011403115464490327,0.0010667239949941462,0.0005671591733594594,0.00012959144095955522,0.0005239980251518574,0.00015353283102969594,0.00017240595252061646,0.00017759260993934246
0.0,0.0,0.0,0.0,0.0,0.0,0.0,0.0,0.0,0.0,0.0,0.0,0.0,0.0,0.0,0.0,0.0,0.0,0.0,0.0,0.0,0.0,0.0,0.0,0.0,0.0,0.0,0.0,0.0,0.0,0.0,0.0,0.0,0.0,0.0,0.0,0.0,0.0,0.0,0.0,0.0,0.0,0.0,0.0,0.0,0.0,0.0,0.0,0.0,0.0,0.0,0.0,0.0,0.0,0.0,0.0,0.0,0.0,0.0,0.0,0.0,0.0,0.0,0.02214158676550278,0.20822690322735993,0.03037105303204649,0.0,0.0,0.0,0.0,0.0,0.0,0.0,0.0,0.0,0.0003140079827642233,0.07756589911151787,0.05360804739595417,0.0,0.0,0.0,0.0,0.0,0.0023676582652874876,0.049516241590380414,0.023712934671148975,0.0,0.0,0.0,0.002442195296791563,0.025974293186902614,0.010428265561538076,0.0,0.0,0.003041605012428324,0.013409427846818277,0.003079756229543061,0.0,0.0013734697271164734,0.006509625347613986,0.001785620534575742,4.041305826171653e-5,0.0021900428763398476,0.0024466466920568006,9.402043055680004e-5,0.0009009534539575973,0.0012975032295748441,0.0001289095151391133,0.0005896391067709832,0.0004538450416822724,0.0001150369065407478
0.0,0.0,0.0,0.0,0.0,0.0,0.0,0.0,0.0,0.0,0.0,0.0,0.0,0.0,0.0,0.0,0.0,0.0,0.0,0.0,0.0,0.0,0.0,0.0,0.0,0.0,0.0,0.0,0.0,0.0,0.0,0.0,0.0,0.0,0.0,0.0,0.0,0.0,0.0,0.0,0.0,0.0,0.0,0.0,0.0,0.0,0.0,0.0,0.0,0.0,0.0,0.0,0.0,0.0,0.0,0.0,0.0,0.0,0.0,0.0,0.0,0.0,0.0,0.0,0.02268312476858167,0.20824440550551107,0.030878696272701726,0.0,0.0,0.0,0.0,0.0,0.0,0.0,0.0,0.0,0.0,0.06765280057212623,0.0685364678145268,0.0,0.0,0.0,0.0,0.0,0.00028440535597362395,0.04282525381317419,0.03712366570925088,4.3980032742023816e-5,0.0,0.0,0.0004405360697398208,0.02313024755148827,0.01909146828791393,6.54528547327752e-5,0.0,0.0011105304367024008,0.013893490052680502,0.0072620661198845955,0.0,0.000418846855894024,0.0066486171944701005,0.004385070185808543,3.0033507982149883e-6,0.0013257779174769935,0.0038115942427275574,0.0006977493479005228,0.0005013041017425939,0.001914993271488036,0.0005079537640136119,0.000419131217992473,0.0008932768991102389
0.0,0.0,0.0,0.0,0.0,0.0,0.0,0.0,0.0,0.0,0.0,0.0,0.0,0.0,0.0,0.0,0.0,0.0,0.0,0.0,0.0,0.0,0.0,0.0,0.0,0.0,0.0,0.0,0.0,0.0,0.0,0.0,0.0,0.0,0.0,0.0,0.0,0.0,0.0,0.0,0.0,0.0,0.0,0.0,0.0,0.0,0.0,0.0,0.0,0.0,0.0,0.0,0.0,0.0,0.0,0.0,0.0,0.0,0.0,0.0,0.0,0.0,0.0,0.0,0.0,0.02323690303029362,0.2081224035052007,0.031428476212747615,0.0,0.0,0.0,0.0,0.0,0.0,0.0,0.0,0.0,0.0,0.05572110863272048,0.08321953718256994,0.0011971774008433253,0.0,0.0,0.0,0.0,0.0,0.03194420779219702,0.05142027576090379,0.0019091951071454262,0.0,0.0,0.0,0.01628515648510436,0.02873412449904426,0.0018132246338075514,0.0,7.577531412570541e-5,0.011258910914377036,0.013577145531023826,0.0004887201335197696,0.0,0.004879846607214832,0.007990432090425176,0.0006293175296366557,0.0005499089623746153,0.004418756247381422,0.002125035567377384,0.00016175299335479106,0.002075256578324438,0.0014357384345801475,0.0002026740169387013
0.0,0.0,0.0,0.0,0.0,0.0,0.0,0.0,0.0,0.0,0.0,0.0,0.0,0.0,0.0,0.0,0.0,0.0,0.0,0.0,0.0,0.0,0.0,0.0,0.0,0.0,0.0,0.0,0.0,0.0,0.0,0.0,0.0,0.0,0.0,0.0,0.0,0.0,0.0,0.0,0.0,0.0,0.0,0.0,0.0,0.0,0.0,0.0,0.0,0.0,0.0,0.0,0.0,0.0,0.0,0.0,0.0,0.0,0.0,0.0,0.0,0.0,0.0,0.0,0.0,0.0,0.023777710436380356,0.20786231198056013,0.0319945108305835,0.0,0.0,0.0,0.0,0.0,0.0,0.0,0.0,0.0,0.0,0.04419824333025872,0.09552912178934955,0.004247545656499646,0.0,0.0,0.0,0.0,0.0,0.021512146321110426,0.061606704441301396,0.006771115291504905,0.0,0.0,0.0,0.009720912897185621,0.034916755618171626,0.006295948037421806,0.0,0.0,0.006888495095607511,0.01872561751513586,0.0028366793301912844,0.0,0.002668542695557998,0.010415865952244105,0.0026017944724336514,6.337282711221811e-5,0.0037612167383200158,0.00454596408854869,0.00024029889786829345,0.0015009828186602645,0.002732843894423533
0.0,0.0,0.0,0.0,0.0,0.0,0.0,0.0,0.0,0.0,0.0,0.0,0.0,0.0,0.0,0.0,0.0,0.0,0.0,0.0,0.0,0.0,0.0,0.0,0.0,0.0,0.0,0.0,0.0,0.0,0.0,0.0,0.0,0.0,0.0,0.0,0.0,0.0,0.0,0.0,0.0,0.0,0.0,0.0,0.0,0.0,0.0,0.0,0.0,0.0,0.0,0.0,0.0,0.0,0.0,0.0,0.0,0.0,0.0,0.0,0.0,0.0,0.0,0.0,0.0,0.0,0.0,0.024303784074367583,0.2074658996154666,0.03253964146351872,0.0,0.0,0.0,0.0,0.0,0.0,0.0,0.0,0.0,0.0,0.033653512450727556,0.10460971377645831,0.009356448429438868,0.0,0.0,0.0,0.0,0.0,0.012734793154929867,0.0667625083052462,0.015002973102148744,0.0,0.0,0.0,0.00450350044848835,0.03660531448776566,0.014001039806506977,0.0,0.0,0.003264590466431255,0.020902100038360016,0.007579633763387841,0.0,0.0009421523656749287,0.010758587924329547,0.006349560848662788,0.0,0.0021829451638183135,0.00655341628121324,0.001379453020274385,0.0007487789526144201
0.0,0.0,0.0,0.0,0.0,0.0,0.0,0.0,0.0,0.0,0.0,0.0,0.0,0.0,0.0,0.0,0.0,0.0,0.0,0.0,0.0,0.0,0.0,0.0,0.0,0.0,0.0,0.0,0.0,0.0,0.0,0.0,0.0,0.0,0.0,0.0,0.0,0.0,0.0,0.0,0.0,0.0,0.0,0.0,0.0,0.0,0.0,0.0,0.0,0.0,0.0,0.0,0.0,0.0,0.0,0.0,0.0,0.0,0.0,0.0,0.0,0.0,0.0,0.0,0.0,0.0,0.0,0.0,0.02481339152390431,0.2069352841653336,0.033062093961730765,0.0,0.0,0.0,0.0,0.0,0.0,0.0,0.0,0.0,0.0,0.024262698518887602,0.11025910861661427,0.01658601544566693,0.0,0.0,0.0,0.0,0.0,0.005976123227604511,0.06612189080224984,0.026948018639680986,0.0,0.0,0.0,0.0011041620971583253,0.032827037089017755,0.025437491573969614,0.0001385801511239798,0.0,0.0008146988826315003,0.019139729787422163,0.015232401870988982,0.00016156756541155616,4.8856075285329235e-5,0.008230613071661357,0.011607054562589461,0.0008198980758892244,0.0008699569840883293,0.007171467406109086,0.0037475099257642036
0.0,0.0,0.0,0.0,0.0,0.0,0.0,0.0,0.0,0.0,0.0,0.0,0.0,0.0,0.0,0.0,0.0,0.0,0.0,0.0,0.0,0.0,0.0,0.0,0.0,0.0,0.0,0.0,0.0,0.0,0.0,0.0,0.0,0.0,0.0,0.0,0.0,0.0,0.0,0.0,0.0,0.0,0.0,0.0,0.0,0.0,0.0,0.0,0.0,0.0,0.0,0.0,0.0,0.0,0.0,0.0,0.0,0.0,0.0,0.0,0.0,0.0,0.0,0.0,0.0,0.0,0.0,0.0,0.0,0.02530484543864959,0.20627292646300513,0.03356016250372249,0.0,0.0,0.0,0.0,0.0,0.0,0.0,0.0,0.0,0.0,0.01618814980976012,0.11223584798111262,0.026135101312715812,0.0,0.0,0.0,0.0,0.0,0.0016122794668441867,0.05897452432682714,0.04294238697959178,2.9797855491181343e-5,0.0,0.0,0.0,0.023361886370856295,0.03793907517168513,0.002621846780323896,0.0,0.0,0.013117542711618411,0.02350941013825716,0.0022651015715676836,0.0,0.004660280288481921,0.015195815549755281,0.003437728729974715,9.505564911908722e-5,0.00577286481125013
0.0,0.0,0.0,0.0,0.0,0.0,0.0,0.0,0.0,0.0,0.0,0.0,0.0,0.0,0.0,0.0,0.0,0.0,0.0,0.0,0.0,0.0,0.0,0.0,0.0,0.0,0.0,0.0,0.0,0.0,0.0,0.0,0.0,0.0,0.0,0.0,0.0,0.0,0.0,0.0,0.0,0.0,0.0,0.0,0.0,0.0,0.0,0.0,0.0,0.0,0.0,0.0,0.0,0.0,0.0,0.0,0.0,0.0,0.0,0.0,0.0,0.0,0.0,0.0,0.0,0.0,0.0,0.0,0.0,0.0,0.025776518213057084,0.20548162324819882,0.03403222513547868,0.0,0.0,0.0,0.0,0.0,0.0,0.0,0.0,0.0,0.0,0.009582714852907959,0.11009494850033114,0.03798544843343402,0.0,0.0,0.0,0.0,0.0,0.0,0.0451098460076142,0.06098003141416196,0.002267971849745641,0.0,0.0,0.0,0.014081260078975059,0.04562573239943795,0.008512218100748382,0.0,0.0,0.007239099819861965,0.028126254539223308,0.007157428244525483,0.0,0.0018688058238769869,0.015853199419985028,0.008257221540387214,0.0
0.0,0.0,0.0,0.0,0.0,0.0,0.0,0.0,0.0,0.0,0.0,0.0,0.0,0.0,0.0,0.0,0.0,0.0,0.0,0.0,0.0,0.0,0.0,0.0,0.0,0.0,0.0,0.0,0.0,0.0,0.0,0.0,0.0,0.0,0.0,0.0,0.0,0.0,0.0,0.0,0.0,0.0,0.0,0.0,0.0,0.0,0.0,0.0,0.0,0.0,0.0,0.0,0.0,0.0,0.0,0.0,0.0,0.0,0.0,0.0,0.0,0.0,0.0,0.0,0.0,0.0,0.0,0.0,0.0,0.0,0.0,0.02627557975977866,0.20456449877164576,0.0344767590074794,0.0,0.0,0.0,0.0,0.0,0.0,0.0,0.0,0.0,0.0,0.004659034347142119,0.10390341718452488,0.0522367293773536,0.0,0.0,0.0,0.0,0.0,0.0,0.03076387134655721,0.07371692243958419,0.008101808242786937,0.0,0.0,0.0,0.006803600223099259,0.04746115685695641,0.018261601127888126,0.0,0.0,0.0028374473689765922,0.02805552060233563,0.015278258681506974,0.0,0.00024391697473468343,0.012752676579954101,0.015053314399367052
0.0,0.0,0.0,0.0,0.0,0.0,0.0,0.0,0.0,0.0,0.0,0.0,0.0,0.0,0.0,0.0,0.0,0.0,0.0,0.0,0.0,0.0,0.0,0.0,0.0,0.0,0.0,0.0,0.0,0.0,0.0,0.0,0.0,0.0,0.0,0.0,0.0,0.0,0.0,0.0,0.0,0.0,0.0,0.0,0.0,0.0,0.0,0.0,0.0,0.0,0.0,0.0,0.0,0.0,0.0,0.0,0.0,0.0,0.0,0.0,0.0,0.0,0.0,0.0,0.0,0.0,0.0,0.0,0.0,0.0,0.0,0.0,0.026809711731043722,0.20352499511831607,0.03498921301348783,0.0,0.0,0.0,0.0,0.0,0.0,0.0,0.0,0.0,0.0,0.0014433340214639887,0.09323143252423904,0.06893510670570643,0.0,0.0,0.0,0.0,0.0,0.0,0.01881111690117844,0.08007643684823637,0.017772932595139804,0.0,0.0,0.0,0.001976166642699166,0.042569020640869364,0.032187139548753935,0.00029122641085434735,0.0,0.00037011147406284113,0.022388568496413,0.026132316141711444,0.0013665978619231227,0.0,0.0075242261281280014
0.0,0.0,0.0,0.0,0.0,0.0,0.0,0.0,0.0,0.0,0.0,0.0,0.0,0.0,0.0,0.0,0.0,0.0,0.0,0.0,0.0,0.0,0.0,0.0,0.0,0.0,0.0,0.0,0.0,0.0,0.0,0.0,0.0,0.0,0.0,0.0,0.0,0.0,0.0,0.0,0.0,0.0,0.0,0.0,0.0,0.0,0.0,0.0,0.0,0.0,0.0,0.0,0.0,0.0,0.0,0.0,0.0,0.0,0.0,0.0,0.0,0.0,0.0,0.0,0.0,0.0,0.0,0.0,0.0,0.0,0.0,0.0,0.0,0.027318013991529253,0.2023668611891316,0.03547315655498543,0.0,0.0,0.0,0.0,0.0,0.0,0.0,0.0,0.0,0.0,1.97525218421788e-5,0.07859630199908484,0.08728919154363574,0.0011847791561485862,0.0,0.0,0.0,0.0,0.0,0.009567707361334313,0.07954254302463885,0.03150301797993089,0.0,0.0,0.0,1.4767931160709714e-5,0.030753387597859283,0.04681351612751048,0.003509348074769899,0.0,0.0,0.013770706272299947,0.03386334077672986,0.00571632071553491,0.0
0.0,0.0,0.0,0.0,0.0,0.0,0.0,0.0,0.0,0.0,0.0,0.0,0.0,0.0,0.0,0.0,0.0,0.0,0.0,0.0,0.0,0.0,0.0,0.0,0.0,0.0,0.0,0.0,0.0,0.0,0.0,0.0,0.0,0.0,0.0,0.0,0.0,0.0,0.0,0.0,0.0,0.0,0.0,0.0,0.0,0.0,0.0,0.0,0.0,0.0,0.0,0.0,0.0,0.0,0.0,0.0,0.0,0.0,0.0,0.0,0.0,0.0,0.0,0.0,0.0,0.0,0.0,0.0,0.0,0.0,0.0,0.0,0.0,0.0,0.027798900064941637,0.20109414027746356,0.03592362883098956,0.0,0.0,0.0,0.0,0.0,0.0,0.0,0.0,0.0,0.0,0.0,0.062469239774601816,0.10233170576161256,0.004616974966669603,0.0,0.0,0.0,0.0,0.0,0.0033049756936603643,0.07170371002003141,0.049358838212261884,0.00012616222288978717,0.0,0.0,0.0,0.018949553079802138,0.05551599438077294,0.010529035473725707,0.0,0.0,0.006899756446033168,0.03630173050581045,0.013299192476518843
0.0,0.0,0.0,0.0,0.0,0.0,0.0,0.0,0.0,0.0,0.0,0.0,0.0,0.0,0.0,0.0,0.0,0.0,0.0,0.0,0.0,0.0,0.0,0.0,0.0,0.0,0.0,0.0,0.0,0.0,0.0,0.0,0.0,0.0,0.0,0.0,0.0,0.0,0.0,0.0,0.0,0.0,0.0,0.0,0.0,0.0,0.0,0.0,0.0,0.0,0.0,0.0,0.0,0.0,0.0,0.0,0.0,0.0,0.0,0.0,0.0,0.0,0.0,0.0,0.0,0.0,0.0,0.0,0.0,0.0,0.0,0.0,0.0,0.0,0.0,0.028250927593949083,0.19971115617546864,0.03633935388380418,0.0,0.0,0.0,0.0,0.0,0.0,0.0,0.0,0.0,0.0,0.0,0.04803857725290868,0.11329316607528474,0.010373283122571785,0.0,0.0,0.0,0.0,0.0,0.0002637588962061846,0.05626202183040162,0.06916122428769307,0.002925318106022038,0.0,0.0,0.0,0.009727791236282052,0.057429804534715925,0.021519839747865397,0.0,0.0,0.0022307821995734274,0.03275045907250947
0.0,0.0,0.0,0.0,0.0,0.0,0.0,0.0,0.0,0.0,0.0,0.0,0.0,0.0,0.0,0.0,0.0,0.0,0.0,0.0,0.0,0.0,0.0,0.0,0.0,0.0,0.0,0.0,0.0,0.0,0.0,0.0,0.0,0.0,0.0,0.0,0.0,0.0,0.0,0.0,0.0,0.0,0.0,0.0,0.0,0.0,0.0,0.0,0.0,0.0,0.0,0.0,0.0,0.0,0.0,0.0,0.0,0.0,0.0,0.0,0.0,0.0,0.0,0.0,0.0,0.0,0.0,0.0,0.0,0.0,0.0,0.0,0.0,0.0,0.0,0.0,0.028672811543537197,0.19822249774555584,0.036719238511542525,0.0,0.0,0.0,0.0,0.0,0.0,0.0,0.0,0.0,0.0,0.0,0.03539100106312847,0.11985128590879449,0.018386912516644427,0.0,0.0,0.0,0.0,0.0,0.0,0.03912862193245383,0.08302372455913722,0.00949077472585408,0.0,0.0,0.0,0.003424258860388297,0.05204356227312012,0.03657438673513583,0.00034340615265760475,0.0,9.242818253412737e-5
0.0,0.0,0.0,0.0,0.0,0.0,0.0,0.0,0.0,0.0,0.0,0.0,0.0,0.0,0.0,0.0,0.0,0.0,0.0,0.0,0.0,0.0,0.0,0.0,0.0,0.0,0.0,0.0,0.0,0.0,0.0,0.0,0.0,0.0,0.0,0.0,0.0,0.0,0.0,0.0,0.0,0.0,0.0,0.0,0.0,0.0,0.0,0.0,0.0,0.0,0.0,0.0,0.0,0.0,0.0,0.0,0.0,0.0,0.0,0.0,0.0,0.0,0.0,0.0,0.0,0.0,0.0,0.0,0.0,0.0,0.0,0.0,0.0,0.0,0.0,0.0,0.0,0.029075821581889556,0.19663300189355085,0.0370689015998982,0.0,0.0,0.0,0.0,0.0,0.0,0.0,0.0,0.0,0.0,0.0,0.024704924627326676,0.1221569829824429,0.02859640666907115,0.0,0.0,0.0,0.0,0.0,0.0,0.024940668931381638,0.08990504871452017,0.019833169667505795,0.0,0.0,0.0,0.00030860128369585856,0.03917569909846643,0.05232370460393882,0.0037181082835314556,0.0
0.0,0.0,0.0,0.0,0.0,0.0,0.0,0.0,0.0,0.0,0.0,0.0,0.0,0.0,0.0,0.0,0.0,0.0,0.0,0.0,0.0,0.0,0.0,0.0,0.0,0.0,0.0,0.0,0.0,0.0,0.0,0.0,0.0,0.0,0.0,0.0,0.0,0.0,0.0,0.0,0.0,0.0,0.0,0.0,0.0,0.0,0.0,0.0,0.0,0.0,0.0,0.0,0.0,0.0,0.0,0.0,0.0,0.0,0.0,0.0,0.0,0.0,0.0,0.0,0.0,0.0,0.0,0.0,0.0,0.0,0.0,0.0,0.0,0.0,0.0,0.0,0.0,0.0,0.029539106507525177,0.19494773488145412,0.037471490703647276,0.0,0.0,0.0,0.0,0.0,0.0,0.0,0.0,0.0,0.0,0.0,0.015905038143079756,0.12013706415740984,0.04092409270032273,0.0,0.0,0.0,0.0,0.0,0.0,0.013856513030599342,0.08965344655279868,0.03389540431199634,0.0,0.0,0.0,0.0,0.025122066306164943,0.06174464604042454,0.010671373521775577
0.0,0.0,0.0,0.0,0.0,0.0,0.0,0.0,0.0,0.0,0.0,0.0,0.0,0.0,0.0,0.0,0.0,0.0,0.0,0.0,0.0,0.0,0.0,0.0,0.0,0.0,0.0,0.0,0.0,0.0,0.0,0.0,0.0,0.0,0.0,0.0,0.0,0.0,0.0,0.0,0.0,0.0,0.0,0.0,0.0,0.0,0.0,0.0,0.0,0.0,0.0,0.0,0.0,0.0,0.0,0.0,0.0,0.0,0.0,0.0,0.0,0.0,0.0,0.0,0.0,0.0,0.0,0.0,0.0,0.0,0.0,0.0,0.0,0.0,0.0,0.0,0.0,0.0,0.0,0.029966118446549676,0.19317197191785404,0.03783283650083008,0.0,0.0,0.0,0.0,0.0,0.0,0.0,0.0,0.0,0.0,0.0,0.00905414982019882,0.11390779264919015,0.05532776692403504,0.0,0.0,0.0,0.0,0.0,0.0,0.005977826302553377,0.08223999120600205,0.05156552027290307,0.00013854320200044803,0.0,0.0,0.0,0.01404056314673957,0.06403115368609769
0.0,0.0,0.0,0.0,0.0,0.0,0.0,0.0,0.0,0.0,0.0,0.0,0.0,0.0,0.0,0.0,0.0,0.0,0.0,0.0,0.0,0.0,0.0,0.0,0.0,0.0,0.0,0.0,0.0,0.0,0.0,0.0,0.0,0.0,0.0,0.0,0.0,0.0,0.0,0.0,0.0,0.0,0.0,0.0,0.0,0.0,0.0,0.0,0.0,0.0,0.0,0.0,0.0,0.0,0.0,0.0,0.0,0.0,0.0,0.0,0.0,0.0,0.0,0.0,0.0,0.0,0.0,0.0,0.0,0.0,0.0,0.0,0.0,0.0,0.0,0.0,0.0,0.0,0.0,0.0,0.03035605912517872,0.19131117496141056,0.038152460589409576,0.0,0.0,0.0,0.0,0.0,0.0,0.0,0.0,0.0,0.0,0.0,0.00417320888240751,0.10363697236359766,0.07163031259728075,0.00014496511273097494,0.0,0.0,0.0,0.0,0.0,0.0013479762665544195,0.06776387158608531,0.07121571676246481,0.002828619754231494,0.0,0.0,0.0,0.006142691844443351
0.0,0.0,0.0,0.0,0.0,0.0,0.0,0.0,0.0,0.0,0.0,0.0,0.0,0.0,0.0,0.0,0.0,0.0,0.0,0.0,0.0,0.0,0.0,0.0,0.0,0.0,0.0,0.0,0.0,0.0,0.0,0.0,0.0,0.0,0.0,0.0,0.0,0.0,0.0,0.0,0.0,0.0,0.0,0.0,0.0,0.0,0.0,0.0,0.0,0.0,0.0,0.0,0.0,0.0,0.0,0.0,0.0,0.0,0.0,0.0,0.0,0.0,0.0,0.0,0.0,0.0,0.0,0.0,0.0,0.0,0.0,0.0,0.0,0.0,0.0,0.0,0.0,0.0,0.0,0.0,0.0,0.03070835551874176,0.18937096866513078,0.038430125439946644,0.0,0.0,0.0,0.0,0.0,0.0,0.0,0.0,0.0,0.0,0.0,0.001154343298090698,0.08942383213263698,0.08903183406741612,0.001940057116287457,0.0,0.0,0.0,0.0,0.0,0.0,0.04918927323088552,0.0856285692791358,0.00883457171003477,0.0,0.0,0.0
0.0,0.0,0.0,0.0,0.0,0.0,0.0,0.0,0.0,0.0,0.0,0.0,0.0,0.0,0.0,0.0,0.0,0.0,0.0,0.0,0.0,0.0,0.0,0.0,0.0,0.0,0.0,0.0,0.0,0.0,0.0,0.0,0.0,0.0,0.0,0.0,0.0,0.0,0.0,0.0,0.0,0.0,0.0,0.0,0.0,0.0,0.0,0.0,0.0,0.0,0.0,0.0,0.0,0.0,0.0,0.0,0.0,0.0,0.0,0.0,0.0,0.0,0.0,0.0,0.0,0.0,0.0,0.0,0.0,0.0,0.0,0.0,0.0,0.0,0.0,0.0,0.0,0.0,0.0,0.0,0.0,0.0,0.031022661827489088,0.18735711437356845,0.038665833405782245,0.0,0.0,0.0,0.0,0.0,0.0,0.0,0.0,0.0,0.0,0.0,0.0,0.07255657321967285,0.10317116206889292,0.005720669115111849,0.0,0.0,0.0,0.0,0.0,0.0,0.03341500165638005,0.09328280442183813,0.017953547818143418,0.0,0.0
0.0,0.0,0.0,0.0,0.0,0.0,0.0,0.0,0.0,0.0,0.0,0.0,0.0,0.0,0.0,0.0,0.0,0.0,0.0,0.0,0.0,0.0,0.0,0.0,0.0,0.0,0.0,0.0,0.0,0.0,0.0,0.0,0.0,0.0,0.0,0.0,0.0,0.0,0.0,0.0,0.0,0.0,0.0,0.0,0.0,0.0,0.0,0.0,0.0,0.0,0.0,0.0,0.0,0.0,0.0,0.0,0.0,0.0,0.0,0.0,0.0,0.0,0.0,0.0,0.0,0.0,0.0,0.0,0.0,0.0,0.0,0.0,0.0,0.0,0.0,0.0,0.0,0.0,0.0,0.0,0.0,0.0,0.0,0.03131964977801963,0.18527548205806807,0.038904397594947376,0.0,0.0,0.0,0.0,0.0,0.0,0.0,0.0,0.0,0.0,0.0,0.0,0.057292650578780246,0.11311945748636663,0.011381965933995753,0.0,0.0,0.0,0.0,0.0,0.0,0.020748024353863286,0.09436576121907217,0.029886350268519126,0.0
0.0,0.0,0.0,0.0,0.0,0.0,0.0,0.0,0.0,0.0,0.0,0.0,0.0,0.0,0.0,0.0,0.0,0.0,0.0,0.0,0.0,0.0,0.0,0.0,0.0,0.0,0.0,0.0,0.0,0.0,0.0,0.0,0.0,0.0,0.0,0.0,0.0,0.0,0.0,0.0,0.0,0.0,0.0,0.0,0.0,0.0,0.0,0.0,0.0,0.0,0.0,0.0,0.0,0.0,0.0,0.0,0.0,0.0,0.0,0.0,0.0,0.0,0.0,0.0,0.0,0.0,0.0,0.0,0.0,0.0,0.0,0.0,0.0,0.0,0.0,0.0,0.0,0.0,0.0,0.0,0.0,0.0,0.0,0.0,0.03165266611305183,0.1831320200319946,0.039142957770264254,0.0,0.0,0.0,0.0,0.0,0.0,0.0,0.0,0.0,0.0,0.0,0.0,0.04400519050340534,0.11914869504246528,0.018712509273839308,0.0,0.0,0.0,0.0,0.0,0.0,0.011228023491673164,0.08911254711567795,0.044214692206123056
0.0,0.0,0.0,0.0,0.0,0.0,0.0,0.0,0.0,0.0,0.0,0.0,0.0,0.0,0.0,0.0,0.0,0.0,0.0,0.0,0.0,0.0,0.0,0.0,0.0,0.0,0.0,0.0,0.0,0.0,0.0,0.0,0.0,0.0,0.0,0.0,0.0,0.0,0.0,0.0,0.0,0.0,0.0,0.0,0.0,0.0,0.0,0.0,0.0,0.0,0.0,0.0,0.0,0.0,0.0,0.0,0.0,0.0,0.0,0.0,0.0,0.0,0.0,0.0,0.0,0.0,0.0,0.0,0.0,0.0,0.0,0.0,0.0,0.0,0.0,0.0,0.0,0.0,0.0,0.0,0.0,0.0,0.0,0.0,0.0,0.031943574373114014,0.18093272222270576,0.03933674109629977,0.0,0.0,0.0,0.0,0.0,0.0,0.0,0.0,0.0,0.0,0.0,0.0,0.03264410388827749,0.12143672771096026,0.0276256269347064,0.0,0.0,0.0,0.0,0.0,0.0,0.004674846139765081,0.07798627938363795
0.0,0.0,0.0,0.0,0.0,0.0,0.0,0.0,0.0,0.0,0.0,0.0,0.0,0.0,0.0,0.0,0.0,0.0,0.0,0.0,0.0,0.0,0.0,0.0,0.0,0.0,0.0,0.0,0.0,0.0,0.0,0.0,0.0,0.0,0.0,0.0,0.0,0.0,0.0,0.0,0.0,0.0,0.0,0.0,0.0,0.0,0.0,0.0,0.0,0.0,0.0,0.0,0.0,0.0,0.0,0.0,0.0,0.0,0.0,0.0,0.0,0.0,0.0,0.0,0.0,0.0,0.0,0.0,0.0,0.0,0.0,0.0,0.0,0.0,0.0,0.0,0.0,0.0,0.0,0.0,0.0,0.0,0.0,0.0,0.0,0.0,0.032192820282463674,0.17868359268202105,0.039486591652606824,0.0,0.0,0.0,0.0,0.0,0.0,0.0,0.0,0.0,0.0,0.0,0.0,0.023204915211671232,0.12017166348418065,0.03789119818097547,0.0,0.0,0.0,0.0,0.0,0.0,0.001029376159625293
0.0,0.0,0.0,0.0,0.0,0.0,0.0,0.0,0.0,0.0,0.0,0.0,0.0,0.0,0.0,0.0,0.0,0.0,0.0,0.0,0.0,0.0,0.0,0.0,0.0,0.0,0.0,0.0,0.0,0.0,0.0,0.0,0.0,0.0,0.0,0.0,0.0,0.0,0.0,0.0,0.0,0.0,0.0,0.0,0.0,0.0,0.0,0.0,0.0,0.0,0.0,0.0,0.0,0.0,0.0,0.0,0.0,0.0,0.0,0.0,0.0,0.0,0.0,0.0,0.0,0.0,0.0,0.0,0.0,0.0,0.0,0.0,0.0,0.0,0.0,0.0,0.0,0.0,0.0,0.0,0.0,0.0,0.0,0.0,0.0,0.0,0.0,0.032401076177299516,0.17639060688205968,0.03959357033217126,0.0,0.0,0.0,0.0,0.0,0.0,0.0,0.0,0.0,0.0,0.0,0.0,0.01553426995370097,0.11572990775999502,0.04935143886707514,0.0,0.0,0.0,0.0,0.0,0.0
0.0,0.0,0.0,0.0,0.0,0.0,0.0,0.0,0.0,0.0,0.0,0.0,0.0,0.0,0.0,0.0,0.0,0.0,0.0,0.0,0.0,0.0,0.0,0.0,0.0,0.0,0.0,0.0,0.0,0.0,0.0,0.0,0.0,0.0,0.0,0.0,0.0,0.0,0.0,0.0,0.0,0.0,0.0,0.0,0.0,0.0,0.0,0.0,0.0,0.0,0.0,0.0,0.0,0.0,0.0,0.0,0.0,0.0,0.0,0.0,0.0,0.0,0.0,0.0,0.0,0.0,0.0,0.0,0.0,0.0,0.0,0.0,0.0,0.0,0.0,0.0,0.0,0.0,0.0,0.0,0.0,0.0,0.0,0.0,0.0,0.0,0.0,0.0,0.032569224987202446,0.17405966915510987,0.03965893367377998,0.0,0.0,0.0,0.0,0.0,0.0,0.0,0.0,0.0,0.0,0.0,0.0,0.009534041907101066,0.10828115503464615,0.06177441893470141,3.545146497430128e-5,0.0,0.0,0.0,0.0
0.0,0.0,0.0,0.0,0.0,0.0,0.0,0.0,0.0,0.0,0.0,0.0,0.0,0.0,0.0,0.0,0.0,0.0,0.0,0.0,0.0,0.0,0.0,0.0,0.0,0.0,0.0,0.0,0.0,0.0,0.0,0.0,0.0,0.0,0.0,0.0,0.0,0.0,0.0,0.0,0.0,0.0,0.0,0.0,0.0,0.0,0.0,0.0,0.0,0.0,0.0,0.0,0.0,0.0,0.0,0.0,0.0,0.0,0.0,0.0,0.0,0.0,0.0,0.0,0.0,0.0,0.0,0.0,0.0,0.0,0.0,0.0,0.0,0.0,0.0,0.0,0.0,0.0,0.0,0.0,0.0,0.0,0.0,0.0,0.0,0.0,0.0,0.0,0.0,0.03272899626988685,0.1716965653766345,0.03975538595621118,0.0,0.0,0.0,0.0,0.0,0.0,0.0,0.0,0.0,0.0,0.0,0.0,0.005098794372254604,0.0981276722564351,0.07484706614903952,0.0011468137206831785,0.0,0.0,0.0
0.0,0.0,0.0,0.0,0.0,0.0,0.0,0.0,0.0,0.0,0.0,0.0,0.0,0.0,0.0,0.0,0.0,0.0,0.0,0.0,0.0,0.0,0.0,0.0,0.0,0.0,0.0,0.0,0.0,0.0,0.0,0.0,0.0,0.0,0.0,0.0,0.0,0.0,0.0,0.0,0.0,0.0,0.0,0.0,0.0,0.0,0.0,0.0,0.0,0.0,0.0,0.0,0.0,0.0,0.0,0.0,0.0,0.0,0.0,0.0,0.0,0.0,0.0,0.0,0.0,0.0,0.0,0.0,0.0,0.0,0.0,0.0,0.0,0.0,0.0,0.0,0.0,0.0,0.0,0.0,0.0,0.0,0.0,0.0,0.0,0.0,0.0,0.0,0.0,0.0,0.03289991952214687,0.16930690963548656,0.03981253975012222,0.0,0.0,0.0,0.0,0.0,0.0,0.0,0.0,0.0,0.0,0.0,0.0,0.0021141623447767212,0.08563640253939875,0.08693944912955638,0.003517218291630089,0.0,0.0
0.0,0.0,0.0,0.0,0.0,0.0,0.0,0.0,0.0,0.0,0.0,0.0,0.0,0.0,0.0,0.0,0.0,0.0,0.0,0.0,0.0,0.0,0.0,0.0,0.0,0.0,0.0,0.0,0.0,0.0,0.0,0.0,0.0,0.0,0.0,0.0,0.0,0.0,0.0,0.0,0.0,0.0,0.0,0.0,0.0,0.0,0.0,0.0,0.0,0.0,0.0,0.0,0.0,0.0,0.0,0.0,0.0,0.0,0.0,0.0,0.0,0.0,0.0,0.0,0.0,0.0,0.0,0.0,0.0,0.0,0.0,0.0,0.0,0.0,0.0,0.0,0.0,0.0,0.0,0.0,0.0,0.0,0.0,0.0,0.0,0.0,0.0,0.0,0.0,0.0,0.0,0.03302974733257101,0.16689608315169333,0.03982843838169188,0.0,0.0,0.0,0.0,0.0,0.0,0.0,0.0,0.0,0.0,0.0,0.0,0.0004578789744554737,0.071507586338116,0.095967408863607,0.007015403402820786,0.0
0.0,0.0,0.0,0.0,0.0,0.0,0.0,0.0,0.0,0.0,0.0,0.0,0.0,0.0,0.0,0.0,0.0,0.0,0.0,0.0,0.0,0.0,0.0,0.0,0.0,0.0,0.0,0.0,0.0,0.0,0.0,0.0,0.0,0.0,0.0,0.0,0.0,0.0,0.0,0.0,0.0,0.0,0.0,0.0,0.0,0.0,0.0,0.0,0.0,0.0,0.0,0.0,0.0,0.0,0.0,0.0,0.0,0.0,0.0,0.0,0.0,0.0,0.0,0.0,0.0,0.0,0.0,0.0,0.0,0.0,0.0,0.0,0.0,0.0,0.0,0.0,0.0,0.0,0.0,0.0,0.0,0.0,0.0,0.0,0.0,0.0,0.0,0.0,0.0,0.0,0.0,0.0,0.033120054041465875,0.16446916304495812,0.0398049202647463,0.0,0.0,0.0,0.0,0.0,0.0,0.0,0.0,0.0,0.0,0.0,0.0,0.0,0.05840791989727682,0.10178367948978005,0.011431897060623872
0.0,0.0,0.0,0.0,0.0,0.0,0.0,0.0,0.0,0.0,0.0,0.0,0.0,0.0,0.0,0.0,0.0,0.0,0.0,0.0,0.0,0.0,0.0,0.0,0.0,0.0,0.0,0.0,0.0,0.0,0.0,0.0,0.0,0.0,0.0,0.0,0.0,0.0,0.0,0.0,0.0,0.0,0.0,0.0,0.0,0.0,0.0,0.0,0.0,0.0,0.0,0.0,0.0,0.0,0.0,0.0,0.0,0.0,0.0,0.0,0.0,0.0,0.0,0.0,0.0,0.0,0.0,0.0,0.0,0.0,0.0,0.0,0.0,0.0,0.0,0.0,0.0,0.0,0.0,0.0,0.0,0.0,0.0,0.0,0.0,0.0,0.0,0.0,0.0,0.0,0.0,0.0,0.0,0.03317251840229885,0.1620308376643205,0.039743869390774594,0.0,0.0,0.0,0.0,0.0,0.0,0.0,0.0,0.0,0.0,0.0,0.0,0.0,0.0469188655889637,0.10456007979096617
0.0,0.0,0.0,0.0,0.0,0.0,0.0,0.0,0.0,0.0,0.0,0.0,0.0,0.0,0.0,0.0,0.0,0.0,0.0,0.0,0.0,0.0,0.0,0.0,0.0,0.0,0.0,0.0,0.0,0.0,0.0,0.0,0.0,0.0,0.0,0.0,0.0,0.0,0.0,0.0,0.0,0.0,0.0,0.0,0.0,0.0,0.0,0.0,0.0,0.0,0.0,0.0,0.0,0.0,0.0,0.0,0.0,0.0,0.0,0.0,0.0,0.0,0.0,0.0,0.0,0.0,0.0,0.0,0.0,0.0,0.0,0.0,0.0,0.0,0.0,0.0,0.0,0.0,0.0,0.0,0.0,0.0,0.0,0.0,0.0,0.0,0.0,0.0,0.0,0.0,0.0,0.0,0.0,0.0,0.03318888375241257,0.15958530397672988,0.03965376984066673,0.0,0.0,0.0,0.0,0.0,0.0,0.0,0.0,0.0,0.0,0.0,0.0,0.0,0.0369385305865104
0.0,0.0,0.0,0.0,0.0,0.0,0.0,0.0,0.0,0.0,0.0,0.0,0.0,0.0,0.0,0.0,0.0,0.0,0.0,0.0,0.0,0.0,0.0,0.0,0.0,0.0,0.0,0.0,0.0,0.0,0.0,0.0,0.0,0.0,0.0,0.0,0.0,0.0,0.0,0.0,0.0,0.0,0.0,0.0,0.0,0.0,0.0,0.0,0.0,0.0,0.0,0.0,0.0,0.0,0.0,0.0,0.0,0.0,0.0,0.0,0.0,0.0,0.0,0.0,0.0,0.0,0.0,0.0,0.0,0.0,0.0,0.0,0.0,0.0,0.0,0.0,0.0,0.0,0.0,0.0,0.0,0.0,0.0,0.0,0.0,0.0,0.0,0.0,0.0,0.0,0.0,0.0,0.0,0.0,0.0,0.033186392334096586,0.1571361408636619,0.03958234347899175,0.0,0.0,0.0,0.0,0.0,0.0,0.0,0.0,0.0,0.0,0.0,0.0,0.0
0.0,0.0,0.0,0.0,0.0,0.0,0.0,0.0,0.0,0.0,0.0,0.0,0.0,0.0,0.0,0.0,0.0,0.0,0.0,0.0,0.0,0.0,0.0,0.0,0.0,0.0,0.0,0.0,0.0,0.0,0.0,0.0,0.0,0.0,0.0,0.0,0.0,0.0,0.0,0.0,0.0,0.0,0.0,0.0,0.0,0.0,0.0,0.0,0.0,0.0,0.0,0.0,0.0,0.0,0.0,0.0,0.0,0.0,0.0,0.0,0.0,0.0,0.0,0.0,0.0,0.0,0.0,0.0,0.0,0.0,0.0,0.0,0.0,0.0,0.0,0.0,0.0,0.0,0.0,0.0,0.0,0.0,0.0,0.0,0.0,0.0,0.0,0.0,0.0,0.0,0.0,0.0,0.0,0.0,0.0,0.0,0.0331991426765521,0.15468614993279473,0.039474765640848695,0.0,0.0,0.0,0.0,0.0,0.0,0.0,0.0,0.0,0.0,0.0,0.0
0.0,0.0,0.0,0.0,0.0,0.0,0.0,0.0,0.0,0.0,0.0,0.0,0.0,0.0,0.0,0.0,0.0,0.0,0.0,0.0,0.0,0.0,0.0,0.0,0.0,0.0,0.0,0.0,0.0,0.0,0.0,0.0,0.0,0.0,0.0,0.0,0.0,0.0,0.0,0.0,0.0,0.0,0.0,0.0,0.0,0.0,0.0,0.0,0.0,0.0,0.0,0.0,0.0,0.0,0.0,0.0,0.0,0.0,0.0,0.0,0.0,0.0,0.0,0.0,0.0,0.0,0.0,0.0,0.0,0.0,0.0,0.0,0.0,0.0,0.0,0.0,0.0,0.0,0.0,0.0,0.0,0.0,0.0,0.0,0.0,0.0,0.0,0.0,0.0,0.0,0.0,0.0,0.0,0.0,0.0,0.0,0.0,0.03317666349903074,0.15223715240392802,0.03933260638954486,0.0,0.0,0.0,0.0,0.0,0.0,0.0,0.0,0.0,0.0,0.0
0.0,0.0,0.0,0.0,0.0,0.0,0.0,0.0,0.0,0.0,0.0,0.0,0.0,0.0,0.0,0.0,0.0,0.0,0.0,0.0,0.0,0.0,0.0,0.0,0.0,0.0,0.0,0.0,0.0,0.0,0.0,0.0,0.0,0.0,0.0,0.0,0.0,0.0,0.0,0.0,0.0,0.0,0.0,0.0,0.0,0.0,0.0,0.0,0.0,0.0,0.0,0.0,0.0,0.0,0.0,0.0,0.0,0.0,0.0,0.0,0.0,0.0,0.0,0.0,0.0,0.0,0.0,0.0,0.0,0.0,0.0,0.0,0.0,0.0,0.0,0.0,0.0,0.0,0.0,0.0,0.0,0.0,0.0,0.0,0.0,0.0,0.0,0.0,0.0,0.0,0.0,0.0,0.0,0.0,0.0,0.0,0.0,0.0,0.03312058043236865,0.1497897264940422,0.03915708928949483,0.0,0.0,0.0,0.0,0.0,0.0,0.0,0.0,0.0,0.0
0.0,0.0,0.0,0.0,0.0,0.0,0.0,0.0,0.0,0.0,0.0,0.0,0.0,0.0,0.0,0.0,0.0,0.0,0.0,0.0,0.0,0.0,0.0,0.0,0.0,0.0,0.0,0.0,0.0,0.0,0.0,0.0,0.0,0.0,0.0,0.0,0.0,0.0,0.0,0.0,0.0,0.0,0.0,0.0,0.0,0.0,0.0,0.0,0.0,0.0,0.0,0.0,0.0,0.0,0.0,0.0,0.0,0.0,0.0,0.0,0.0,0.0,0.0,0.0,0.0,0.0,0.0,0.0,0.0,0.0,0.0,0.0,0.0,0.0,0.0,0.0,0.0,0.0,0.0,0.0,0.0,0.0,0.0,0.0,0.0,0.0,0.0,0.0,0.0,0.0,0.0,0.0,0.0,0.0,0.0,0.0,0.0,0.0,0.0,0.03303226562584861,0.14734286414512623,0.03894894491586144,0.0,0.0,0.0,0.0,0.0,0.0,0.0,0.0,0.0
0.0,0.0,0.0,0.0,0.0,0.0,0.0,0.0,0.0,0.0,0.0,0.0,0.0,0.0,0.0,0.0,0.0,0.0,0.0,0.0,0.0,0.0,0.0,0.0,0.0,0.0,0.0,0.0,0.0,0.0,0.0,0.0,0.0,0.0,0.0,0.0,0.0,0.0,0.0,0.0,0.0,0.0,0.0,0.0,0.0,0.0,0.0,0.0,0.0,0.0,0.0,0.0,0.0,0.0,0.0,0.0,0.0,0.0,0.0,0.0,0.0,0.0,0.0,0.0,0.0,0.0,0.0,0.0,0.0,0.0,0.0,0.0,0.0,0.0,0.0,0.0,0.0,0.0,0.0,0.0,0.0,0.0,0.0,0.0,0.0,0.0,0.0,0.0,0.0,0.0,0.0,0.0,0.0,0.0,0.0,0.0,0.0,0.0,0.0,0.0,0.03291272185994869,0.14489351847097365,0.03870822360689142,0.0,0.0,0.0,0.0,0.0,0.0,0.0,0.0
0.0,0.0,0.0,0.0,0.0,0.0,0.0,0.0,0.0,0.0,0.0,0.0,0.0,0.0,0.0,0.0,0.0,0.0,0.0,0.0,0.0,0.0,0.0,0.0,0.0,0.0,0.0,0.0,0.0,0.0,0.0,0.0,0.0,0.0,0.0,0.0,0.0,0.0,0.0,0.0,0.0,0.0,0.0,0.0,0.0,0.0,0.0,0.0,0.0,0.0,0.0,0.0,0.0,0.0,0.0,0.0,0.0,0.0,0.0,0.0,0.0,0.0,0.0,0.0,0.0,0.0,0.0,0.0,0.0,0.0,0.0,0.0,0.0,0.0,0.0,0.0,0.0,0.0,0.0,0.0,0.0,0.0,0.0,0.0,0.0,0.0,0.0,0.0,0.0,0.0,0.0,0.0,0.0,0.0,0.0,0.0,0.0,0.0,0.0,0.0,0.0,0.032762436160992836,0.14243600346163962,0.038460556847281814,0.0,0.0,0.0,0.0,0.0,0.0,0.0
0.0,0.0,0.0,0.0,0.0,0.0,0.0,0.0,0.0,0.0,0.0,0.0,0.0,0.0,0.0,0.0,0.0,0.0,0.0,0.0,0.0,0.0,0.0,0.0,0.0,0.0,0.0,0.0,0.0,0.0,0.0,0.0,0.0,0.0,0.0,0.0,0.0,0.0,0.0,0.0,0.0,0.0,0.0,0.0,0.0,0.0,0.0,0.0,0.0,0.0,0.0,0.0,0.0,0.0,0.0,0.0,0.0,0.0,0.0,0.0,0.0,0.0,0.0,0.0,0.0,0.0,0.0,0.0,0.0,0.0,0.0,0.0,0.0,0.0,0.0,0.0,0.0,0.0,0.0,0.0,0.0,0.0,0.0,0.0,0.0,0.0,0.0,0.0,0.0,0.0,0.0,0.0,0.0,0.0,0.0,0.0,0.0,0.0,0.0,0.0,0.0,0.0,0.0325996920444178,0.13996119486148084,0.03819297728215363,0.0,0.0,0.0,0.0,0.0,0.0
0.0,0.0,0.0,0.0,0.0,0.0,0.0,0.0,0.0,0.0,0.0,0.0,0.0,0.0,0.0,0.0,0.0,0.0,0.0,0.0,0.0,0.0,0.0,0.0,0.0,0.0,0.0,0.0,0.0,0.0,0.0,0.0,0.0,0.0,0.0,0.0,0.0,0.0,0.0,0.0,0.0,0.0,0.0,0.0,0.0,0.0,0.0,0.0,0.0,0.0,0.0,0.0,0.0,0.0,0.0,0.0,0.0,0.0,0.0,0.0,0.0,0.0,0.0,0.0,0.0,0.0,0.0,0.0,0.0,0.0,0.0,0.0,0.0,0.0,0.0,0.0,0.0,0.0,0.0,0.0,0.0,0.0,0.0,0.0,0.0,0.0,0.0,0.0,0.0,0.0,0.0,0.0,0.0,0.0,0.0,0.0,0.0,0.0,0.0,0.0,0.0,0.0,0.0,0.03243202522988083,0.1374554656658935,0.037882887971445005,0.0,0.0,0.0,0.0,0.0
0.0,0.0,0.0,0.0,0.0,0.0,0.0,0.0,0.0,0.0,0.0,0.0,0.0,0.0,0.0,0.0,0.0,0.0,0.0,0.0,0.0,0.0,0.0,0.0,0.0,0.0,0.0,0.0,0.0,0.0,0.0,0.0,0.0,0.0,0.0,0.0,0.0,0.0,0.0,0.0,0.0,0.0,0.0,0.0,0.0,0.0,0.0,0.0,0.0,0.0,0.0,0.0,0.0,0.0,0.0,0.0,0.0,0.0,0.0,0.0,0.0,0.0,0.0,0.0,0.0,0.0,0.0,0.0,0.0,0.0,0.0,0.0,0.0,0.0,0.0,0.0,0.0,0.0,0.0,0.0,0.0,0.0,0.0,0.0,0.0,0.0,0.0,0.0,0.0,0.0,0.0,0.0,0.0,0.0,0.0,0.0,0.0,0.0,0.0,0.0,0.0,0.0,0.0,0.0,0.03222643649930496,0.13489927228921222,0.03752438485182726,0.0,0.0,0.0,0.0
0.0,0.0,0.0,0.0,0.0,0.0,0.0,0.0,0.0,0.0,0.0,0.0,0.0,0.0,0.0,0.0,0.0,0.0,0.0,0.0,0.0,0.0,0.0,0.0,0.0,0.0,0.0,0.0,0.0,0.0,0.0,0.0,0.0,0.0,0.0,0.0,0.0,0.0,0.0,0.0,0.0,0.0,0.0,0.0,0.0,0.0,0.0,0.0,0.0,0.0,0.0,0.0,0.0,0.0,0.0,0.0,0.0,0.0,0.0,0.0,0.0,0.0,0.0,0.0,0.0,0.0,0.0,0.0,0.0,0.0,0.0,0.0,0.0,0.0,0.0,0.0,0.0,0.0,0.0,0.0,0.0,0.0,0.0,0.0,0.0,0.0,0.0,0.0,0.0,0.0,0.0,0.0,0.0,0.0,0.0,0.0,0.0,0.0,0.0,0.0,0.0,0.0,0.0,0.0,0.0,0.03197892056697801,0.13226529138543142,0.03710859503138054,0.0,0.0,0.0
0.0,0.0,0.0,0.0,0.0,0.0,0.0,0.0,0.0,0.0,0.0,0.0,0.0,0.0,0.0,0.0,0.0,0.0,0.0,0.0,0.0,0.0,0.0,0.0,0.0,0.0,0.0,0.0,0.0,0.0,0.0,0.0,0.0,0.0,0.0,0.0,0.0,0.0,0.0,0.0,0.0,0.0,0.0,0.0,0.0,0.0,0.0,0.0,0.0,0.0,0.0,0.0,0.0,0.0,0.0,0.0,0.0,0.0,0.0,0.0,0.0,0.0,0.0,0.0,0.0,0.0,0.0,0.0,0.0,0.0,0.0,0.0,0.0,0.0,0.0,0.0,0.0,0.0,0.0,0.0,0.0,0.0,0.0,0.0,0.0,0.0,0.0,0.0,0.0,0.0,0.0,0.0,0.0,0.0,0.0,0.0,0.0,0.0,0.0,0.0,0.0,0.0,0.0,0.0,0.0,0.0,0.03168319766723291,0.12951600073910358,0.03662274350168069,0.0,0.0
0.0,0.0,0.0,0.0,0.0,0.0,0.0,0.0,0.0,0.0,0.0,0.0,0.0,0.0,0.0,0.0,0.0,0.0,0.0,0.0,0.0,0.0,0.0,0.0,0.0,0.0,0.0,0.0,0.0,0.0,0.0,0.0,0.0,0.0,0.0,0.0,0.0,0.0,0.0,0.0,0.0,0.0,0.0,0.0,0.0,0.0,0.0,0.0,0.0,0.0,0.0,0.0,0.0,0.0,0.0,0.0,0.0,0.0,0.0,0.0,0.0,0.0,0.0,0.0,0.0,0.0,0.0,0.0,0.0,0.0,0.0,0.0,0.0,0.0,0.0,0.0,0.0,0.0,0.0,0.0,0.0,0.0,0.0,0.0,0.0,0.0,0.0,0.0,0.0,0.0,0.0,0.0,0.0,0.0,0.0,0.0,0.0,0.0,0.0,0.0,0.0,0.0,0.0,0.0,0.0,0.0,0.0,0.031329989756210104,0.1266006185906454,0.03604899644620473,0.0
0.0,0.0,0.0,0.0,0.0,0.0,0.0,0.0,0.0,0.0,0.0,0.0,0.0,0.0,0.0,0.0,0.0,0.0,0.0,0.0,0.0,0.0,0.0,0.0,0.0,0.0,0.0,0.0,0.0,0.0,0.0,0.0,0.0,0.0,0.0,0.0,0.0,0.0,0.0,0.0,0.0,0.0,0.0,0.0,0.0,0.0,0.0,0.0,0.0,0.0,0.0,0.0,0.0,0.0,0.0,0.0,0.0,0.0,0.0,0.0,0.0,0.0,0.0,0.0,0.0,0.0,0.0,0.0,0.0,0.0,0.0,0.0,0.0,0.0,0.0,0.0,0.0,0.0,0.0,0.0,0.0,0.0,0.0,0.0,0.0,0.0,0.0,0.0,0.0,0.0,0.0,0.0,0.0,0.0,0.0,0.0,0.0,0.0,0.0,0.0,0.0,0.0,0.0,0.0,0.0,0.0,0.0,0.0,0.030906109299184796,0.12345140042520208,0.03536311143633271
0.0,0.0,0.0,0.0,0.0,0.0,0.0,0.0,0.0,0.0,0.0,0.0,0.0,0.0,0.0,0.0,0.0,0.0,0.0,0.0,0.0,0.0,0.0,0.0,0.0,0.0,0.0,0.0,0.0,0.0,0.0,0.0,0.0,0.0,0.0,0.0,0.0,0.0,0.0,0.0,0.0,0.0,0.0,0.0,0.0,0.0,0.0,0.0,0.0,0.0,0.0,0.0,0.0,0.0,0.0,0.0,0.0,0.0,0.0,0.0,0.0,0.0,0.0,0.0,0.0,0.0,0.0,0.0,0.0,0.0,0.0,0.0,0.0,0.0,0.0,0.0,0.0,0.0,0.0,0.0,0.0,0.0,0.0,0.0,0.0,0.0,0.0,0.0,0.0,0.0,0.0,0.0,0.0,0.0,0.0,0.0,0.0,0.0,0.0,0.0,0.0,0.0,0.0,0.0,0.0,0.0,0.0,0.0,0.0,0.030393364198986424,0.11997950763349884
